mt_message,mt_occurrence_no,mt_tag,mt_option,mx_message_id,mx_path,mapping_action,transformation,evidence_grade,evidence_source_ids,corroboration,validation_status,review_reason,mt_field_name,mt_requiredness,mt_sequence,mt_source_pdf_page
MT103,1,20,ANY,pacs.008.001.08,Document/FIToFICstmrCdtTrf/CdtTrfTxInf/PmtId/InstrId,DIRECT_CANDIDATE,Copy sender reference; length/character validation required.,B,SR_2025_MT103|MX_pacs_008_001_08,Apache-2.0 pacs008-loader-mt103 and MIT Mixar agree on InstrId.,REVIEW_REQUIRED_CBPR,Base-standard semantic candidate only; validate against the applicable CBPR+ Usage Guideline and SWIFT Translation Library before implementation.,Sender's Reference,M,,14
MT103,2,13C,ANY,pacs.008.001.08,Document/FIToFICstmrCdtTrf/CdtTrfTxInf/SttlmTmReq/CLSTm,CONDITIONAL_CANDIDATE,Select target by 13C code; convert HHMM plus offset to ISO time under agreed timezone policy.,C,SR_2025_MT103|MX_pacs_008_001_08,,REVIEW_REQUIRED_CBPR,Base-standard semantic candidate only; validate against the applicable CBPR+ Usage Guideline and SWIFT Translation Library before implementation.,Time Indication,O,,14
MT103,2,13C,ANY,pacs.008.001.08,Document/FIToFICstmrCdtTrf/CdtTrfTxInf/SttlmTmReq/TillTm,CONDITIONAL_CANDIDATE,Select target by 13C code; convert HHMM plus offset to ISO time under agreed timezone policy.,C,SR_2025_MT103|MX_pacs_008_001_08,,REVIEW_REQUIRED_CBPR,Base-standard semantic candidate only; validate against the applicable CBPR+ Usage Guideline and SWIFT Translation Library before implementation.,Time Indication,O,,14
MT103,2,13C,ANY,pacs.008.001.08,Document/FIToFICstmrCdtTrf/CdtTrfTxInf/SttlmTmReq/FrTm,CONDITIONAL_CANDIDATE,Select target by 13C code; convert HHMM plus offset to ISO time under agreed timezone policy.,C,SR_2025_MT103|MX_pacs_008_001_08,,REVIEW_REQUIRED_CBPR,Base-standard semantic candidate only; validate against the applicable CBPR+ Usage Guideline and SWIFT Translation Library before implementation.,Time Indication,O,,14
MT103,2,13C,ANY,pacs.008.001.08,Document/FIToFICstmrCdtTrf/CdtTrfTxInf/SttlmTmReq/RjctTm,CONDITIONAL_CANDIDATE,Select target by 13C code; convert HHMM plus offset to ISO time under agreed timezone policy.,C,SR_2025_MT103|MX_pacs_008_001_08,,REVIEW_REQUIRED_CBPR,Base-standard semantic candidate only; validate against the applicable CBPR+ Usage Guideline and SWIFT Translation Library before implementation.,Time Indication,O,,14
MT103,3,23B,ANY,pacs.008.001.08,Document/FIToFICstmrCdtTrf/CdtTrfTxInf/PmtTpInf/LclInstrm/Prtry,CONDITIONAL_CANDIDATE,Translate bank-operation code only where the usage guideline permits proprietary local instrument.,C,SR_2025_MT103|MX_pacs_008_001_08,Open-source converter uses LclInstrm/Prtry; not authoritative.,REVIEW_REQUIRED_CBPR,Base-standard semantic candidate only; validate against the applicable CBPR+ Usage Guideline and SWIFT Translation Library before implementation.,Bank Operation Code,M,,15
MT103,4,23E,ANY,pacs.008.001.08,Document/FIToFICstmrCdtTrf/CdtTrfTxInf/InstrForCdtrAgt/Cd,CONDITIONAL_CANDIDATE,Translate each 23E code and narrative using the official code-specific rule; one MT occurrence may fan out.,D,SR_2025_MT103|MX_pacs_008_001_08,,REVIEW_REQUIRED_CBPR,Base-standard semantic candidate only; validate against the applicable CBPR+ Usage Guideline and SWIFT Translation Library before implementation.,Instruction Code,O,,16
MT103,4,23E,ANY,pacs.008.001.08,Document/FIToFICstmrCdtTrf/CdtTrfTxInf/InstrForCdtrAgt/InstrInf,CONDITIONAL_CANDIDATE,Translate each 23E code and narrative using the official code-specific rule; one MT occurrence may fan out.,D,SR_2025_MT103|MX_pacs_008_001_08,,REVIEW_REQUIRED_CBPR,Base-standard semantic candidate only; validate against the applicable CBPR+ Usage Guideline and SWIFT Translation Library before implementation.,Instruction Code,O,,16
MT103,4,23E,ANY,pacs.008.001.08,Document/FIToFICstmrCdtTrf/CdtTrfTxInf/InstrForNxtAgt/Cd,CONDITIONAL_CANDIDATE,Translate each 23E code and narrative using the official code-specific rule; one MT occurrence may fan out.,D,SR_2025_MT103|MX_pacs_008_001_08,,REVIEW_REQUIRED_CBPR,Base-standard semantic candidate only; validate against the applicable CBPR+ Usage Guideline and SWIFT Translation Library before implementation.,Instruction Code,O,,16
MT103,4,23E,ANY,pacs.008.001.08,Document/FIToFICstmrCdtTrf/CdtTrfTxInf/InstrForNxtAgt/InstrInf,CONDITIONAL_CANDIDATE,Translate each 23E code and narrative using the official code-specific rule; one MT occurrence may fan out.,D,SR_2025_MT103|MX_pacs_008_001_08,,REVIEW_REQUIRED_CBPR,Base-standard semantic candidate only; validate against the applicable CBPR+ Usage Guideline and SWIFT Translation Library before implementation.,Instruction Code,O,,16
MT103,5,26T,ANY,pacs.008.001.08,Document/FIToFICstmrCdtTrf/CdtTrfTxInf/Purp/Prtry,CONDITIONAL_CANDIDATE,Carry transaction type as proprietary purpose only when bilateral/usage rules allow.,D,SR_2025_MT103|MX_pacs_008_001_08,,REVIEW_REQUIRED_CBPR,Base-standard semantic candidate only; validate against the applicable CBPR+ Usage Guideline and SWIFT Translation Library before implementation.,Transaction Type Code,O,,18
MT103,6,32A,ANY,pacs.008.001.08,Document/FIToFICstmrCdtTrf/CdtTrfTxInf/IntrBkSttlmDt,TRANSFORM,Split YYMMDD + currency + comma-decimal amount; expand year under SWIFT date rules.,B,SR_2025_MT103|MX_pacs_008_001_08,Apache-2.0 pacs008-loader-mt103 and MIT Mixar corroborate amount/currency/date split.,REVIEW_REQUIRED_CBPR,Base-standard semantic candidate only; validate against the applicable CBPR+ Usage Guideline and SWIFT Translation Library before implementation.,Value Date/Currency/Interbank Settled Amount,M,,18
MT103,6,32A,ANY,pacs.008.001.08,Document/FIToFICstmrCdtTrf/CdtTrfTxInf/IntrBkSttlmAmt,TRANSFORM,Split YYMMDD + currency + comma-decimal amount; expand year under SWIFT date rules.,B,SR_2025_MT103|MX_pacs_008_001_08,Apache-2.0 pacs008-loader-mt103 and MIT Mixar corroborate amount/currency/date split.,REVIEW_REQUIRED_CBPR,Base-standard semantic candidate only; validate against the applicable CBPR+ Usage Guideline and SWIFT Translation Library before implementation.,Value Date/Currency/Interbank Settled Amount,M,,18
MT103,6,32A,ANY,pacs.008.001.08,Document/FIToFICstmrCdtTrf/CdtTrfTxInf/IntrBkSttlmAmt/@Ccy,TRANSFORM,Split YYMMDD + currency + comma-decimal amount; expand year under SWIFT date rules.,B,SR_2025_MT103|MX_pacs_008_001_08,Apache-2.0 pacs008-loader-mt103 and MIT Mixar corroborate amount/currency/date split.,REVIEW_REQUIRED_CBPR,Base-standard semantic candidate only; validate against the applicable CBPR+ Usage Guideline and SWIFT Translation Library before implementation.,Value Date/Currency/Interbank Settled Amount,M,,18
MT103,7,33B,ANY,pacs.008.001.08,Document/FIToFICstmrCdtTrf/CdtTrfTxInf/InstdAmt,TRANSFORM,Split currency and instructed amount.,B,SR_2025_MT103|MX_pacs_008_001_08,,REVIEW_REQUIRED_CBPR,Base-standard semantic candidate only; validate against the applicable CBPR+ Usage Guideline and SWIFT Translation Library before implementation.,Currency/Instructed Amount,O,,19
MT103,7,33B,ANY,pacs.008.001.08,Document/FIToFICstmrCdtTrf/CdtTrfTxInf/InstdAmt/@Ccy,TRANSFORM,Split currency and instructed amount.,B,SR_2025_MT103|MX_pacs_008_001_08,,REVIEW_REQUIRED_CBPR,Base-standard semantic candidate only; validate against the applicable CBPR+ Usage Guideline and SWIFT Translation Library before implementation.,Currency/Instructed Amount,O,,19
MT103,8,36,ANY,pacs.008.001.08,Document/FIToFICstmrCdtTrf/CdtTrfTxInf/XchgRate,TRANSFORM,Convert SWIFT decimal comma to ISO decimal representation.,B,SR_2025_MT103|MX_pacs_008_001_08,,REVIEW_REQUIRED_CBPR,Base-standard semantic candidate only; validate against the applicable CBPR+ Usage Guideline and SWIFT Translation Library before implementation.,Exchange Rate,O,,20
MT103,9,50a,ANY,pacs.008.001.08,Document/FIToFICstmrCdtTrf/CdtTrfTxInf/Dbtr/Nm,CONDITIONAL_CANDIDATE,"Parse option A/F/K into party identifier, name/address and account components; preserve unmapped source text for review.",B,SR_2025_MT103|MX_pacs_008_001_08,Multiple open-source converters corroborate debtor and debtor-account semantics.,REVIEW_REQUIRED_CBPR,Base-standard semantic candidate only; validate against the applicable CBPR+ Usage Guideline and SWIFT Translation Library before implementation.,Ordering Customer,M,,20
MT103,9,50a,ANY,pacs.008.001.08,Document/FIToFICstmrCdtTrf/CdtTrfTxInf/Dbtr/PstlAdr/AdrLine,CONDITIONAL_CANDIDATE,"Parse option A/F/K into party identifier, name/address and account components; preserve unmapped source text for review.",B,SR_2025_MT103|MX_pacs_008_001_08,Multiple open-source converters corroborate debtor and debtor-account semantics.,REVIEW_REQUIRED_CBPR,Base-standard semantic candidate only; validate against the applicable CBPR+ Usage Guideline and SWIFT Translation Library before implementation.,Ordering Customer,M,,20
MT103,9,50a,ANY,pacs.008.001.08,Document/FIToFICstmrCdtTrf/CdtTrfTxInf/Dbtr/Id/OrgId/AnyBIC,CONDITIONAL_CANDIDATE,"Parse option A/F/K into party identifier, name/address and account components; preserve unmapped source text for review.",B,SR_2025_MT103|MX_pacs_008_001_08,Multiple open-source converters corroborate debtor and debtor-account semantics.,REVIEW_REQUIRED_CBPR,Base-standard semantic candidate only; validate against the applicable CBPR+ Usage Guideline and SWIFT Translation Library before implementation.,Ordering Customer,M,,20
MT103,9,50a,ANY,pacs.008.001.08,Document/FIToFICstmrCdtTrf/CdtTrfTxInf/DbtrAcct/Id/IBAN,CONDITIONAL_CANDIDATE,"Parse option A/F/K into party identifier, name/address and account components; preserve unmapped source text for review.",B,SR_2025_MT103|MX_pacs_008_001_08,Multiple open-source converters corroborate debtor and debtor-account semantics.,REVIEW_REQUIRED_CBPR,Base-standard semantic candidate only; validate against the applicable CBPR+ Usage Guideline and SWIFT Translation Library before implementation.,Ordering Customer,M,,20
MT103,9,50a,ANY,pacs.008.001.08,Document/FIToFICstmrCdtTrf/CdtTrfTxInf/DbtrAcct/Id/Othr/Id,CONDITIONAL_CANDIDATE,"Parse option A/F/K into party identifier, name/address and account components; preserve unmapped source text for review.",B,SR_2025_MT103|MX_pacs_008_001_08,Multiple open-source converters corroborate debtor and debtor-account semantics.,REVIEW_REQUIRED_CBPR,Base-standard semantic candidate only; validate against the applicable CBPR+ Usage Guideline and SWIFT Translation Library before implementation.,Ordering Customer,M,,20
MT103,10,51A,ANY,pacs.008.001.08,,NO_DIRECT_EQUIVALENT,Field 51A is network/sending-institution context; evaluate Business Application Header mapping rather than forcing it into the document.,D,SR_2025_MT103|MX_pacs_008_001_08,,DOCUMENTED_GAP,Requires Business Application Header and CBPR+ rule review; this package inventories ISO Document paths only.,Sending Institution,O,,24
MT103,11,52a,ANY,pacs.008.001.08,Document/FIToFICstmrCdtTrf/CdtTrfTxInf/DbtrAgt/FinInstnId/BICFI,CONDITIONAL_CANDIDATE,"Parse option A/D into debtor-agent identifier, name/address and account.",B,SR_2025_MT103|MX_pacs_008_001_08,,REVIEW_REQUIRED_CBPR,Base-standard semantic candidate only; validate against the applicable CBPR+ Usage Guideline and SWIFT Translation Library before implementation.,Ordering Institution,O,,24
MT103,11,52a,ANY,pacs.008.001.08,Document/FIToFICstmrCdtTrf/CdtTrfTxInf/DbtrAgt/FinInstnId/ClrSysMmbId/MmbId,CONDITIONAL_CANDIDATE,"Parse option A/D into debtor-agent identifier, name/address and account.",B,SR_2025_MT103|MX_pacs_008_001_08,,REVIEW_REQUIRED_CBPR,Base-standard semantic candidate only; validate against the applicable CBPR+ Usage Guideline and SWIFT Translation Library before implementation.,Ordering Institution,O,,24
MT103,11,52a,ANY,pacs.008.001.08,Document/FIToFICstmrCdtTrf/CdtTrfTxInf/DbtrAgt/FinInstnId/Nm,CONDITIONAL_CANDIDATE,"Parse option A/D into debtor-agent identifier, name/address and account.",B,SR_2025_MT103|MX_pacs_008_001_08,,REVIEW_REQUIRED_CBPR,Base-standard semantic candidate only; validate against the applicable CBPR+ Usage Guideline and SWIFT Translation Library before implementation.,Ordering Institution,O,,24
MT103,11,52a,ANY,pacs.008.001.08,Document/FIToFICstmrCdtTrf/CdtTrfTxInf/DbtrAgt/FinInstnId/PstlAdr/AdrLine,CONDITIONAL_CANDIDATE,"Parse option A/D into debtor-agent identifier, name/address and account.",B,SR_2025_MT103|MX_pacs_008_001_08,,REVIEW_REQUIRED_CBPR,Base-standard semantic candidate only; validate against the applicable CBPR+ Usage Guideline and SWIFT Translation Library before implementation.,Ordering Institution,O,,24
MT103,11,52a,ANY,pacs.008.001.08,Document/FIToFICstmrCdtTrf/CdtTrfTxInf/DbtrAgtAcct/Id/IBAN,CONDITIONAL_CANDIDATE,"Parse option A/D into debtor-agent identifier, name/address and account.",B,SR_2025_MT103|MX_pacs_008_001_08,,REVIEW_REQUIRED_CBPR,Base-standard semantic candidate only; validate against the applicable CBPR+ Usage Guideline and SWIFT Translation Library before implementation.,Ordering Institution,O,,24
MT103,11,52a,ANY,pacs.008.001.08,Document/FIToFICstmrCdtTrf/CdtTrfTxInf/DbtrAgtAcct/Id/Othr/Id,CONDITIONAL_CANDIDATE,"Parse option A/D into debtor-agent identifier, name/address and account.",B,SR_2025_MT103|MX_pacs_008_001_08,,REVIEW_REQUIRED_CBPR,Base-standard semantic candidate only; validate against the applicable CBPR+ Usage Guideline and SWIFT Translation Library before implementation.,Ordering Institution,O,,24
MT103,12,53a,ANY,pacs.008.001.08,Document/FIToFICstmrCdtTrf/GrpHdr/SttlmInf/InstgRmbrsmntAgt/FinInstnId/BICFI,CONDITIONAL_CANDIDATE,Parse sender's correspondent as instructing reimbursement agent/account when settlement method permits.,B,SR_2025_MT103|MX_pacs_008_001_08,,REVIEW_REQUIRED_CBPR,Base-standard semantic candidate only; validate against the applicable CBPR+ Usage Guideline and SWIFT Translation Library before implementation.,Sender's Correspondent,O,,26
MT103,12,53a,ANY,pacs.008.001.08,Document/FIToFICstmrCdtTrf/GrpHdr/SttlmInf/InstgRmbrsmntAgt/FinInstnId/ClrSysMmbId/MmbId,CONDITIONAL_CANDIDATE,Parse sender's correspondent as instructing reimbursement agent/account when settlement method permits.,B,SR_2025_MT103|MX_pacs_008_001_08,,REVIEW_REQUIRED_CBPR,Base-standard semantic candidate only; validate against the applicable CBPR+ Usage Guideline and SWIFT Translation Library before implementation.,Sender's Correspondent,O,,26
MT103,12,53a,ANY,pacs.008.001.08,Document/FIToFICstmrCdtTrf/GrpHdr/SttlmInf/InstgRmbrsmntAgt/FinInstnId/Nm,CONDITIONAL_CANDIDATE,Parse sender's correspondent as instructing reimbursement agent/account when settlement method permits.,B,SR_2025_MT103|MX_pacs_008_001_08,,REVIEW_REQUIRED_CBPR,Base-standard semantic candidate only; validate against the applicable CBPR+ Usage Guideline and SWIFT Translation Library before implementation.,Sender's Correspondent,O,,26
MT103,12,53a,ANY,pacs.008.001.08,Document/FIToFICstmrCdtTrf/GrpHdr/SttlmInf/InstgRmbrsmntAgt/FinInstnId/PstlAdr/AdrLine,CONDITIONAL_CANDIDATE,Parse sender's correspondent as instructing reimbursement agent/account when settlement method permits.,B,SR_2025_MT103|MX_pacs_008_001_08,,REVIEW_REQUIRED_CBPR,Base-standard semantic candidate only; validate against the applicable CBPR+ Usage Guideline and SWIFT Translation Library before implementation.,Sender's Correspondent,O,,26
MT103,12,53a,ANY,pacs.008.001.08,Document/FIToFICstmrCdtTrf/GrpHdr/SttlmInf/InstgRmbrsmntAgtAcct/Id/IBAN,CONDITIONAL_CANDIDATE,Parse sender's correspondent as instructing reimbursement agent/account when settlement method permits.,B,SR_2025_MT103|MX_pacs_008_001_08,,REVIEW_REQUIRED_CBPR,Base-standard semantic candidate only; validate against the applicable CBPR+ Usage Guideline and SWIFT Translation Library before implementation.,Sender's Correspondent,O,,26
MT103,12,53a,ANY,pacs.008.001.08,Document/FIToFICstmrCdtTrf/GrpHdr/SttlmInf/InstgRmbrsmntAgtAcct/Id/Othr/Id,CONDITIONAL_CANDIDATE,Parse sender's correspondent as instructing reimbursement agent/account when settlement method permits.,B,SR_2025_MT103|MX_pacs_008_001_08,,REVIEW_REQUIRED_CBPR,Base-standard semantic candidate only; validate against the applicable CBPR+ Usage Guideline and SWIFT Translation Library before implementation.,Sender's Correspondent,O,,26
MT103,13,54a,ANY,pacs.008.001.08,Document/FIToFICstmrCdtTrf/GrpHdr/SttlmInf/InstdRmbrsmntAgt/FinInstnId/BICFI,CONDITIONAL_CANDIDATE,Parse receiver's correspondent as instructed reimbursement agent/account when settlement method permits.,B,SR_2025_MT103|MX_pacs_008_001_08,,REVIEW_REQUIRED_CBPR,Base-standard semantic candidate only; validate against the applicable CBPR+ Usage Guideline and SWIFT Translation Library before implementation.,Receiver's Correspondent,O,,27
MT103,13,54a,ANY,pacs.008.001.08,Document/FIToFICstmrCdtTrf/GrpHdr/SttlmInf/InstdRmbrsmntAgt/FinInstnId/ClrSysMmbId/MmbId,CONDITIONAL_CANDIDATE,Parse receiver's correspondent as instructed reimbursement agent/account when settlement method permits.,B,SR_2025_MT103|MX_pacs_008_001_08,,REVIEW_REQUIRED_CBPR,Base-standard semantic candidate only; validate against the applicable CBPR+ Usage Guideline and SWIFT Translation Library before implementation.,Receiver's Correspondent,O,,27
MT103,13,54a,ANY,pacs.008.001.08,Document/FIToFICstmrCdtTrf/GrpHdr/SttlmInf/InstdRmbrsmntAgt/FinInstnId/Nm,CONDITIONAL_CANDIDATE,Parse receiver's correspondent as instructed reimbursement agent/account when settlement method permits.,B,SR_2025_MT103|MX_pacs_008_001_08,,REVIEW_REQUIRED_CBPR,Base-standard semantic candidate only; validate against the applicable CBPR+ Usage Guideline and SWIFT Translation Library before implementation.,Receiver's Correspondent,O,,27
MT103,13,54a,ANY,pacs.008.001.08,Document/FIToFICstmrCdtTrf/GrpHdr/SttlmInf/InstdRmbrsmntAgt/FinInstnId/PstlAdr/AdrLine,CONDITIONAL_CANDIDATE,Parse receiver's correspondent as instructed reimbursement agent/account when settlement method permits.,B,SR_2025_MT103|MX_pacs_008_001_08,,REVIEW_REQUIRED_CBPR,Base-standard semantic candidate only; validate against the applicable CBPR+ Usage Guideline and SWIFT Translation Library before implementation.,Receiver's Correspondent,O,,27
MT103,13,54a,ANY,pacs.008.001.08,Document/FIToFICstmrCdtTrf/GrpHdr/SttlmInf/InstdRmbrsmntAgtAcct/Id/IBAN,CONDITIONAL_CANDIDATE,Parse receiver's correspondent as instructed reimbursement agent/account when settlement method permits.,B,SR_2025_MT103|MX_pacs_008_001_08,,REVIEW_REQUIRED_CBPR,Base-standard semantic candidate only; validate against the applicable CBPR+ Usage Guideline and SWIFT Translation Library before implementation.,Receiver's Correspondent,O,,27
MT103,13,54a,ANY,pacs.008.001.08,Document/FIToFICstmrCdtTrf/GrpHdr/SttlmInf/InstdRmbrsmntAgtAcct/Id/Othr/Id,CONDITIONAL_CANDIDATE,Parse receiver's correspondent as instructed reimbursement agent/account when settlement method permits.,B,SR_2025_MT103|MX_pacs_008_001_08,,REVIEW_REQUIRED_CBPR,Base-standard semantic candidate only; validate against the applicable CBPR+ Usage Guideline and SWIFT Translation Library before implementation.,Receiver's Correspondent,O,,27
MT103,14,55a,ANY,pacs.008.001.08,Document/FIToFICstmrCdtTrf/GrpHdr/SttlmInf/ThrdRmbrsmntAgt/FinInstnId/BICFI,CONDITIONAL_CANDIDATE,Parse third reimbursement institution and account.,B,SR_2025_MT103|MX_pacs_008_001_08,,REVIEW_REQUIRED_CBPR,Base-standard semantic candidate only; validate against the applicable CBPR+ Usage Guideline and SWIFT Translation Library before implementation.,Third Reimbursement Institution,O,,28
MT103,14,55a,ANY,pacs.008.001.08,Document/FIToFICstmrCdtTrf/GrpHdr/SttlmInf/ThrdRmbrsmntAgt/FinInstnId/ClrSysMmbId/MmbId,CONDITIONAL_CANDIDATE,Parse third reimbursement institution and account.,B,SR_2025_MT103|MX_pacs_008_001_08,,REVIEW_REQUIRED_CBPR,Base-standard semantic candidate only; validate against the applicable CBPR+ Usage Guideline and SWIFT Translation Library before implementation.,Third Reimbursement Institution,O,,28
MT103,14,55a,ANY,pacs.008.001.08,Document/FIToFICstmrCdtTrf/GrpHdr/SttlmInf/ThrdRmbrsmntAgt/FinInstnId/Nm,CONDITIONAL_CANDIDATE,Parse third reimbursement institution and account.,B,SR_2025_MT103|MX_pacs_008_001_08,,REVIEW_REQUIRED_CBPR,Base-standard semantic candidate only; validate against the applicable CBPR+ Usage Guideline and SWIFT Translation Library before implementation.,Third Reimbursement Institution,O,,28
MT103,14,55a,ANY,pacs.008.001.08,Document/FIToFICstmrCdtTrf/GrpHdr/SttlmInf/ThrdRmbrsmntAgt/FinInstnId/PstlAdr/AdrLine,CONDITIONAL_CANDIDATE,Parse third reimbursement institution and account.,B,SR_2025_MT103|MX_pacs_008_001_08,,REVIEW_REQUIRED_CBPR,Base-standard semantic candidate only; validate against the applicable CBPR+ Usage Guideline and SWIFT Translation Library before implementation.,Third Reimbursement Institution,O,,28
MT103,14,55a,ANY,pacs.008.001.08,Document/FIToFICstmrCdtTrf/GrpHdr/SttlmInf/ThrdRmbrsmntAgtAcct/Id/IBAN,CONDITIONAL_CANDIDATE,Parse third reimbursement institution and account.,B,SR_2025_MT103|MX_pacs_008_001_08,,REVIEW_REQUIRED_CBPR,Base-standard semantic candidate only; validate against the applicable CBPR+ Usage Guideline and SWIFT Translation Library before implementation.,Third Reimbursement Institution,O,,28
MT103,14,55a,ANY,pacs.008.001.08,Document/FIToFICstmrCdtTrf/GrpHdr/SttlmInf/ThrdRmbrsmntAgtAcct/Id/Othr/Id,CONDITIONAL_CANDIDATE,Parse third reimbursement institution and account.,B,SR_2025_MT103|MX_pacs_008_001_08,,REVIEW_REQUIRED_CBPR,Base-standard semantic candidate only; validate against the applicable CBPR+ Usage Guideline and SWIFT Translation Library before implementation.,Third Reimbursement Institution,O,,28
MT103,15,56a,ANY,pacs.008.001.08,Document/FIToFICstmrCdtTrf/CdtTrfTxInf/IntrmyAgt1/FinInstnId/BICFI,CONDITIONAL_CANDIDATE,Parse intermediary option A/C/D into agent and account; option C requires account-only handling.,B,SR_2025_MT103|MX_pacs_008_001_08,,REVIEW_REQUIRED_CBPR,Base-standard semantic candidate only; validate against the applicable CBPR+ Usage Guideline and SWIFT Translation Library before implementation.,Intermediary Institution,O,,29
MT103,15,56a,ANY,pacs.008.001.08,Document/FIToFICstmrCdtTrf/CdtTrfTxInf/IntrmyAgt1/FinInstnId/ClrSysMmbId/MmbId,CONDITIONAL_CANDIDATE,Parse intermediary option A/C/D into agent and account; option C requires account-only handling.,B,SR_2025_MT103|MX_pacs_008_001_08,,REVIEW_REQUIRED_CBPR,Base-standard semantic candidate only; validate against the applicable CBPR+ Usage Guideline and SWIFT Translation Library before implementation.,Intermediary Institution,O,,29
MT103,15,56a,ANY,pacs.008.001.08,Document/FIToFICstmrCdtTrf/CdtTrfTxInf/IntrmyAgt1/FinInstnId/Nm,CONDITIONAL_CANDIDATE,Parse intermediary option A/C/D into agent and account; option C requires account-only handling.,B,SR_2025_MT103|MX_pacs_008_001_08,,REVIEW_REQUIRED_CBPR,Base-standard semantic candidate only; validate against the applicable CBPR+ Usage Guideline and SWIFT Translation Library before implementation.,Intermediary Institution,O,,29
MT103,15,56a,ANY,pacs.008.001.08,Document/FIToFICstmrCdtTrf/CdtTrfTxInf/IntrmyAgt1/FinInstnId/PstlAdr/AdrLine,CONDITIONAL_CANDIDATE,Parse intermediary option A/C/D into agent and account; option C requires account-only handling.,B,SR_2025_MT103|MX_pacs_008_001_08,,REVIEW_REQUIRED_CBPR,Base-standard semantic candidate only; validate against the applicable CBPR+ Usage Guideline and SWIFT Translation Library before implementation.,Intermediary Institution,O,,29
MT103,15,56a,ANY,pacs.008.001.08,Document/FIToFICstmrCdtTrf/CdtTrfTxInf/IntrmyAgt1Acct/Id/IBAN,CONDITIONAL_CANDIDATE,Parse intermediary option A/C/D into agent and account; option C requires account-only handling.,B,SR_2025_MT103|MX_pacs_008_001_08,,REVIEW_REQUIRED_CBPR,Base-standard semantic candidate only; validate against the applicable CBPR+ Usage Guideline and SWIFT Translation Library before implementation.,Intermediary Institution,O,,29
MT103,15,56a,ANY,pacs.008.001.08,Document/FIToFICstmrCdtTrf/CdtTrfTxInf/IntrmyAgt1Acct/Id/Othr/Id,CONDITIONAL_CANDIDATE,Parse intermediary option A/C/D into agent and account; option C requires account-only handling.,B,SR_2025_MT103|MX_pacs_008_001_08,,REVIEW_REQUIRED_CBPR,Base-standard semantic candidate only; validate against the applicable CBPR+ Usage Guideline and SWIFT Translation Library before implementation.,Intermediary Institution,O,,29
MT103,16,57a,ANY,pacs.008.001.08,Document/FIToFICstmrCdtTrf/CdtTrfTxInf/CdtrAgt/FinInstnId/BICFI,CONDITIONAL_CANDIDATE,Parse account-with institution as creditor agent/account.,B,SR_2025_MT103|MX_pacs_008_001_08,Open-source converters corroborate creditor-agent semantics.,REVIEW_REQUIRED_CBPR,Base-standard semantic candidate only; validate against the applicable CBPR+ Usage Guideline and SWIFT Translation Library before implementation.,Account With Institution,O,,31
MT103,16,57a,ANY,pacs.008.001.08,Document/FIToFICstmrCdtTrf/CdtTrfTxInf/CdtrAgt/FinInstnId/ClrSysMmbId/MmbId,CONDITIONAL_CANDIDATE,Parse account-with institution as creditor agent/account.,B,SR_2025_MT103|MX_pacs_008_001_08,Open-source converters corroborate creditor-agent semantics.,REVIEW_REQUIRED_CBPR,Base-standard semantic candidate only; validate against the applicable CBPR+ Usage Guideline and SWIFT Translation Library before implementation.,Account With Institution,O,,31
MT103,16,57a,ANY,pacs.008.001.08,Document/FIToFICstmrCdtTrf/CdtTrfTxInf/CdtrAgt/FinInstnId/Nm,CONDITIONAL_CANDIDATE,Parse account-with institution as creditor agent/account.,B,SR_2025_MT103|MX_pacs_008_001_08,Open-source converters corroborate creditor-agent semantics.,REVIEW_REQUIRED_CBPR,Base-standard semantic candidate only; validate against the applicable CBPR+ Usage Guideline and SWIFT Translation Library before implementation.,Account With Institution,O,,31
MT103,16,57a,ANY,pacs.008.001.08,Document/FIToFICstmrCdtTrf/CdtTrfTxInf/CdtrAgt/FinInstnId/PstlAdr/AdrLine,CONDITIONAL_CANDIDATE,Parse account-with institution as creditor agent/account.,B,SR_2025_MT103|MX_pacs_008_001_08,Open-source converters corroborate creditor-agent semantics.,REVIEW_REQUIRED_CBPR,Base-standard semantic candidate only; validate against the applicable CBPR+ Usage Guideline and SWIFT Translation Library before implementation.,Account With Institution,O,,31
MT103,16,57a,ANY,pacs.008.001.08,Document/FIToFICstmrCdtTrf/CdtTrfTxInf/CdtrAgtAcct/Id/IBAN,CONDITIONAL_CANDIDATE,Parse account-with institution as creditor agent/account.,B,SR_2025_MT103|MX_pacs_008_001_08,Open-source converters corroborate creditor-agent semantics.,REVIEW_REQUIRED_CBPR,Base-standard semantic candidate only; validate against the applicable CBPR+ Usage Guideline and SWIFT Translation Library before implementation.,Account With Institution,O,,31
MT103,16,57a,ANY,pacs.008.001.08,Document/FIToFICstmrCdtTrf/CdtTrfTxInf/CdtrAgtAcct/Id/Othr/Id,CONDITIONAL_CANDIDATE,Parse account-with institution as creditor agent/account.,B,SR_2025_MT103|MX_pacs_008_001_08,Open-source converters corroborate creditor-agent semantics.,REVIEW_REQUIRED_CBPR,Base-standard semantic candidate only; validate against the applicable CBPR+ Usage Guideline and SWIFT Translation Library before implementation.,Account With Institution,O,,31
MT103,17,59a,ANY,pacs.008.001.08,Document/FIToFICstmrCdtTrf/CdtTrfTxInf/Cdtr/Nm,CONDITIONAL_CANDIDATE,Parse no-letter/A/F beneficiary into creditor party and account components.,B,SR_2025_MT103|MX_pacs_008_001_08,Multiple open-source converters corroborate creditor and creditor-account semantics.,REVIEW_REQUIRED_CBPR,Base-standard semantic candidate only; validate against the applicable CBPR+ Usage Guideline and SWIFT Translation Library before implementation.,Beneficiary Customer,M,,34
MT103,17,59a,ANY,pacs.008.001.08,Document/FIToFICstmrCdtTrf/CdtTrfTxInf/Cdtr/PstlAdr/AdrLine,CONDITIONAL_CANDIDATE,Parse no-letter/A/F beneficiary into creditor party and account components.,B,SR_2025_MT103|MX_pacs_008_001_08,Multiple open-source converters corroborate creditor and creditor-account semantics.,REVIEW_REQUIRED_CBPR,Base-standard semantic candidate only; validate against the applicable CBPR+ Usage Guideline and SWIFT Translation Library before implementation.,Beneficiary Customer,M,,34
MT103,17,59a,ANY,pacs.008.001.08,Document/FIToFICstmrCdtTrf/CdtTrfTxInf/Cdtr/Id/OrgId/AnyBIC,CONDITIONAL_CANDIDATE,Parse no-letter/A/F beneficiary into creditor party and account components.,B,SR_2025_MT103|MX_pacs_008_001_08,Multiple open-source converters corroborate creditor and creditor-account semantics.,REVIEW_REQUIRED_CBPR,Base-standard semantic candidate only; validate against the applicable CBPR+ Usage Guideline and SWIFT Translation Library before implementation.,Beneficiary Customer,M,,34
MT103,17,59a,ANY,pacs.008.001.08,Document/FIToFICstmrCdtTrf/CdtTrfTxInf/CdtrAcct/Id/IBAN,CONDITIONAL_CANDIDATE,Parse no-letter/A/F beneficiary into creditor party and account components.,B,SR_2025_MT103|MX_pacs_008_001_08,Multiple open-source converters corroborate creditor and creditor-account semantics.,REVIEW_REQUIRED_CBPR,Base-standard semantic candidate only; validate against the applicable CBPR+ Usage Guideline and SWIFT Translation Library before implementation.,Beneficiary Customer,M,,34
MT103,17,59a,ANY,pacs.008.001.08,Document/FIToFICstmrCdtTrf/CdtTrfTxInf/CdtrAcct/Id/Othr/Id,CONDITIONAL_CANDIDATE,Parse no-letter/A/F beneficiary into creditor party and account components.,B,SR_2025_MT103|MX_pacs_008_001_08,Multiple open-source converters corroborate creditor and creditor-account semantics.,REVIEW_REQUIRED_CBPR,Base-standard semantic candidate only; validate against the applicable CBPR+ Usage Guideline and SWIFT Translation Library before implementation.,Beneficiary Customer,M,,34
MT103,18,70,ANY,pacs.008.001.08,Document/FIToFICstmrCdtTrf/CdtTrfTxInf/RmtInf/Ustrd,TRANSFORM,Copy narrative with line joining and MX length/repetition controls; structured remittance requires separate parsing.,B,SR_2025_MT103|MX_pacs_008_001_08,,REVIEW_REQUIRED_CBPR,Base-standard semantic candidate only; validate against the applicable CBPR+ Usage Guideline and SWIFT Translation Library before implementation.,Remittance Information,O,,36
MT103,19,71A,ANY,pacs.008.001.08,Document/FIToFICstmrCdtTrf/CdtTrfTxInf/ChrgBr,TRANSFORM,"Translate OUR→DEBT, BEN→CRED, SHA→SHAR; reject unknown code.",B,SR_2025_MT103|MX_pacs_008_001_08,Apache-2.0 pacs008-loader-mt103 publishes the same code map.,REVIEW_REQUIRED_CBPR,Base-standard semantic candidate only; validate against the applicable CBPR+ Usage Guideline and SWIFT Translation Library before implementation.,Details of Charges,M,,37
MT103,20,71F,ANY,pacs.008.001.08,Document/FIToFICstmrCdtTrf/CdtTrfTxInf/ChrgsInf/Amt,TRANSFORM,"Split sender's charge currency/amount; charge-agent identity comes from message context, not 71F alone.",B,SR_2025_MT103|MX_pacs_008_001_08,,REVIEW_REQUIRED_CBPR,Base-standard semantic candidate only; validate against the applicable CBPR+ Usage Guideline and SWIFT Translation Library before implementation.,Sender's Charges,O,,37
MT103,20,71F,ANY,pacs.008.001.08,Document/FIToFICstmrCdtTrf/CdtTrfTxInf/ChrgsInf/Amt/@Ccy,TRANSFORM,"Split sender's charge currency/amount; charge-agent identity comes from message context, not 71F alone.",B,SR_2025_MT103|MX_pacs_008_001_08,,REVIEW_REQUIRED_CBPR,Base-standard semantic candidate only; validate against the applicable CBPR+ Usage Guideline and SWIFT Translation Library before implementation.,Sender's Charges,O,,37
MT103,21,71G,ANY,pacs.008.001.08,Document/FIToFICstmrCdtTrf/CdtTrfTxInf/ChrgsInf/Amt,TRANSFORM,Split receiver's charge currency/amount; preserve charge role separately because ChrgsInf repeats.,B,SR_2025_MT103|MX_pacs_008_001_08,,REVIEW_REQUIRED_CBPR,Base-standard semantic candidate only; validate against the applicable CBPR+ Usage Guideline and SWIFT Translation Library before implementation.,Receiver's Charges,O,,38
MT103,21,71G,ANY,pacs.008.001.08,Document/FIToFICstmrCdtTrf/CdtTrfTxInf/ChrgsInf/Amt/@Ccy,TRANSFORM,Split receiver's charge currency/amount; preserve charge role separately because ChrgsInf repeats.,B,SR_2025_MT103|MX_pacs_008_001_08,,REVIEW_REQUIRED_CBPR,Base-standard semantic candidate only; validate against the applicable CBPR+ Usage Guideline and SWIFT Translation Library before implementation.,Receiver's Charges,O,,38
MT103,22,72,ANY,pacs.008.001.08,Document/FIToFICstmrCdtTrf/CdtTrfTxInf/InstrForNxtAgt/InstrInf,CONDITIONAL_CANDIDATE,Parse code lines; translate supported codes to structured instruction code and retain permitted narrative.,C,SR_2025_MT103|MX_pacs_008_001_08,,REVIEW_REQUIRED_CBPR,Base-standard semantic candidate only; validate against the applicable CBPR+ Usage Guideline and SWIFT Translation Library before implementation.,Sender to Receiver Information,O,,38
MT103,23,77B,ANY,pacs.008.001.08,Document/FIToFICstmrCdtTrf/CdtTrfTxInf/RgltryRptg/DbtCdtRptgInd,CONDITIONAL_CANDIDATE,"Parse debit/credit indicator, country and regulatory narrative where encoded; otherwise retain as review text.",B,SR_2025_MT103|MX_pacs_008_001_08,,REVIEW_REQUIRED_CBPR,Base-standard semantic candidate only; validate against the applicable CBPR+ Usage Guideline and SWIFT Translation Library before implementation.,Regulatory Reporting,O,,40
MT103,23,77B,ANY,pacs.008.001.08,Document/FIToFICstmrCdtTrf/CdtTrfTxInf/RgltryRptg/Authrty/Ctry,CONDITIONAL_CANDIDATE,"Parse debit/credit indicator, country and regulatory narrative where encoded; otherwise retain as review text.",B,SR_2025_MT103|MX_pacs_008_001_08,,REVIEW_REQUIRED_CBPR,Base-standard semantic candidate only; validate against the applicable CBPR+ Usage Guideline and SWIFT Translation Library before implementation.,Regulatory Reporting,O,,40
MT103,23,77B,ANY,pacs.008.001.08,Document/FIToFICstmrCdtTrf/CdtTrfTxInf/RgltryRptg/Dtls/Inf,CONDITIONAL_CANDIDATE,"Parse debit/credit indicator, country and regulatory narrative where encoded; otherwise retain as review text.",B,SR_2025_MT103|MX_pacs_008_001_08,,REVIEW_REQUIRED_CBPR,Base-standard semantic candidate only; validate against the applicable CBPR+ Usage Guideline and SWIFT Translation Library before implementation.,Regulatory Reporting,O,,40
MT202,1,20,ANY,pacs.009.001.08,Document/FICdtTrf/CdtTrfTxInf/PmtId/InstrId,DIRECT_CANDIDATE,Copy transaction reference as instruction identification subject to usage constraints.,B,SR_2025_MT202|MX_pacs_009_001_08,MIT Mixar corroborates InstrId.,REVIEW_REQUIRED_CBPR,Base-standard semantic candidate only; validate against the applicable CBPR+ Usage Guideline and SWIFT Translation Library before implementation.,Transaction Reference Number,M,,5
MT202,2,21,ANY,pacs.009.001.08,Document/FICdtTrf/CdtTrfTxInf/PmtId/EndToEndId,CONDITIONAL_CANDIDATE,Carry related reference as end-to-end identification only under the official translation rule.,C,SR_2025_MT202|MX_pacs_009_001_08,,REVIEW_REQUIRED_CBPR,Base-standard semantic candidate only; validate against the applicable CBPR+ Usage Guideline and SWIFT Translation Library before implementation.,Related Reference,M,,6
MT202,3,13C,ANY,pacs.009.001.08,Document/FICdtTrf/CdtTrfTxInf/SttlmTmReq/CLSTm,CONDITIONAL_CANDIDATE,Select target by 13C code and normalize time/offset.,C,SR_2025_MT202|MX_pacs_009_001_08,,REVIEW_REQUIRED_CBPR,Base-standard semantic candidate only; validate against the applicable CBPR+ Usage Guideline and SWIFT Translation Library before implementation.,Time Indication,O,,6
MT202,3,13C,ANY,pacs.009.001.08,Document/FICdtTrf/CdtTrfTxInf/SttlmTmReq/TillTm,CONDITIONAL_CANDIDATE,Select target by 13C code and normalize time/offset.,C,SR_2025_MT202|MX_pacs_009_001_08,,REVIEW_REQUIRED_CBPR,Base-standard semantic candidate only; validate against the applicable CBPR+ Usage Guideline and SWIFT Translation Library before implementation.,Time Indication,O,,6
MT202,3,13C,ANY,pacs.009.001.08,Document/FICdtTrf/CdtTrfTxInf/SttlmTmReq/FrTm,CONDITIONAL_CANDIDATE,Select target by 13C code and normalize time/offset.,C,SR_2025_MT202|MX_pacs_009_001_08,,REVIEW_REQUIRED_CBPR,Base-standard semantic candidate only; validate against the applicable CBPR+ Usage Guideline and SWIFT Translation Library before implementation.,Time Indication,O,,6
MT202,3,13C,ANY,pacs.009.001.08,Document/FICdtTrf/CdtTrfTxInf/SttlmTmReq/RjctTm,CONDITIONAL_CANDIDATE,Select target by 13C code and normalize time/offset.,C,SR_2025_MT202|MX_pacs_009_001_08,,REVIEW_REQUIRED_CBPR,Base-standard semantic candidate only; validate against the applicable CBPR+ Usage Guideline and SWIFT Translation Library before implementation.,Time Indication,O,,6
MT202,4,32A,ANY,pacs.009.001.08,Document/FICdtTrf/CdtTrfTxInf/IntrBkSttlmDt,TRANSFORM,"Split value date, currency and amount.",B,SR_2025_MT202|MX_pacs_009_001_08,MIT Mixar corroborates amount/currency/date split.,REVIEW_REQUIRED_CBPR,Base-standard semantic candidate only; validate against the applicable CBPR+ Usage Guideline and SWIFT Translation Library before implementation.,"Value Date, Currency Code, Amount",M,,7
MT202,4,32A,ANY,pacs.009.001.08,Document/FICdtTrf/CdtTrfTxInf/IntrBkSttlmAmt,TRANSFORM,"Split value date, currency and amount.",B,SR_2025_MT202|MX_pacs_009_001_08,MIT Mixar corroborates amount/currency/date split.,REVIEW_REQUIRED_CBPR,Base-standard semantic candidate only; validate against the applicable CBPR+ Usage Guideline and SWIFT Translation Library before implementation.,"Value Date, Currency Code, Amount",M,,7
MT202,4,32A,ANY,pacs.009.001.08,Document/FICdtTrf/CdtTrfTxInf/IntrBkSttlmAmt/@Ccy,TRANSFORM,"Split value date, currency and amount.",B,SR_2025_MT202|MX_pacs_009_001_08,MIT Mixar corroborates amount/currency/date split.,REVIEW_REQUIRED_CBPR,Base-standard semantic candidate only; validate against the applicable CBPR+ Usage Guideline and SWIFT Translation Library before implementation.,"Value Date, Currency Code, Amount",M,,7
MT202,5,52a,ANY,pacs.009.001.08,Document/FICdtTrf/CdtTrfTxInf/Dbtr/FinInstnId/BICFI,CONDITIONAL_CANDIDATE,Parse ordering institution as debtor FI/account; sender fallback is outside this field-only rule.,B,SR_2025_MT202|MX_pacs_009_001_08,,REVIEW_REQUIRED_CBPR,Base-standard semantic candidate only; validate against the applicable CBPR+ Usage Guideline and SWIFT Translation Library before implementation.,Ordering Institution,O,,8
MT202,5,52a,ANY,pacs.009.001.08,Document/FICdtTrf/CdtTrfTxInf/Dbtr/FinInstnId/ClrSysMmbId/MmbId,CONDITIONAL_CANDIDATE,Parse ordering institution as debtor FI/account; sender fallback is outside this field-only rule.,B,SR_2025_MT202|MX_pacs_009_001_08,,REVIEW_REQUIRED_CBPR,Base-standard semantic candidate only; validate against the applicable CBPR+ Usage Guideline and SWIFT Translation Library before implementation.,Ordering Institution,O,,8
MT202,5,52a,ANY,pacs.009.001.08,Document/FICdtTrf/CdtTrfTxInf/Dbtr/FinInstnId/Nm,CONDITIONAL_CANDIDATE,Parse ordering institution as debtor FI/account; sender fallback is outside this field-only rule.,B,SR_2025_MT202|MX_pacs_009_001_08,,REVIEW_REQUIRED_CBPR,Base-standard semantic candidate only; validate against the applicable CBPR+ Usage Guideline and SWIFT Translation Library before implementation.,Ordering Institution,O,,8
MT202,5,52a,ANY,pacs.009.001.08,Document/FICdtTrf/CdtTrfTxInf/Dbtr/FinInstnId/PstlAdr/AdrLine,CONDITIONAL_CANDIDATE,Parse ordering institution as debtor FI/account; sender fallback is outside this field-only rule.,B,SR_2025_MT202|MX_pacs_009_001_08,,REVIEW_REQUIRED_CBPR,Base-standard semantic candidate only; validate against the applicable CBPR+ Usage Guideline and SWIFT Translation Library before implementation.,Ordering Institution,O,,8
MT202,5,52a,ANY,pacs.009.001.08,Document/FICdtTrf/CdtTrfTxInf/DbtrAcct/Id/IBAN,CONDITIONAL_CANDIDATE,Parse ordering institution as debtor FI/account; sender fallback is outside this field-only rule.,B,SR_2025_MT202|MX_pacs_009_001_08,,REVIEW_REQUIRED_CBPR,Base-standard semantic candidate only; validate against the applicable CBPR+ Usage Guideline and SWIFT Translation Library before implementation.,Ordering Institution,O,,8
MT202,5,52a,ANY,pacs.009.001.08,Document/FICdtTrf/CdtTrfTxInf/DbtrAcct/Id/Othr/Id,CONDITIONAL_CANDIDATE,Parse ordering institution as debtor FI/account; sender fallback is outside this field-only rule.,B,SR_2025_MT202|MX_pacs_009_001_08,,REVIEW_REQUIRED_CBPR,Base-standard semantic candidate only; validate against the applicable CBPR+ Usage Guideline and SWIFT Translation Library before implementation.,Ordering Institution,O,,8
MT202,6,53a,ANY,pacs.009.001.08,Document/FICdtTrf/GrpHdr/SttlmInf/InstgRmbrsmntAgt/FinInstnId/BICFI,CONDITIONAL_CANDIDATE,Parse sender's correspondent as instructing reimbursement agent/account.,B,SR_2025_MT202|MX_pacs_009_001_08,,REVIEW_REQUIRED_CBPR,Base-standard semantic candidate only; validate against the applicable CBPR+ Usage Guideline and SWIFT Translation Library before implementation.,Sender's Correspondent,O,,10
MT202,6,53a,ANY,pacs.009.001.08,Document/FICdtTrf/GrpHdr/SttlmInf/InstgRmbrsmntAgt/FinInstnId/ClrSysMmbId/MmbId,CONDITIONAL_CANDIDATE,Parse sender's correspondent as instructing reimbursement agent/account.,B,SR_2025_MT202|MX_pacs_009_001_08,,REVIEW_REQUIRED_CBPR,Base-standard semantic candidate only; validate against the applicable CBPR+ Usage Guideline and SWIFT Translation Library before implementation.,Sender's Correspondent,O,,10
MT202,6,53a,ANY,pacs.009.001.08,Document/FICdtTrf/GrpHdr/SttlmInf/InstgRmbrsmntAgt/FinInstnId/Nm,CONDITIONAL_CANDIDATE,Parse sender's correspondent as instructing reimbursement agent/account.,B,SR_2025_MT202|MX_pacs_009_001_08,,REVIEW_REQUIRED_CBPR,Base-standard semantic candidate only; validate against the applicable CBPR+ Usage Guideline and SWIFT Translation Library before implementation.,Sender's Correspondent,O,,10
MT202,6,53a,ANY,pacs.009.001.08,Document/FICdtTrf/GrpHdr/SttlmInf/InstgRmbrsmntAgt/FinInstnId/PstlAdr/AdrLine,CONDITIONAL_CANDIDATE,Parse sender's correspondent as instructing reimbursement agent/account.,B,SR_2025_MT202|MX_pacs_009_001_08,,REVIEW_REQUIRED_CBPR,Base-standard semantic candidate only; validate against the applicable CBPR+ Usage Guideline and SWIFT Translation Library before implementation.,Sender's Correspondent,O,,10
MT202,6,53a,ANY,pacs.009.001.08,Document/FICdtTrf/GrpHdr/SttlmInf/InstgRmbrsmntAgtAcct/Id/IBAN,CONDITIONAL_CANDIDATE,Parse sender's correspondent as instructing reimbursement agent/account.,B,SR_2025_MT202|MX_pacs_009_001_08,,REVIEW_REQUIRED_CBPR,Base-standard semantic candidate only; validate against the applicable CBPR+ Usage Guideline and SWIFT Translation Library before implementation.,Sender's Correspondent,O,,10
MT202,6,53a,ANY,pacs.009.001.08,Document/FICdtTrf/GrpHdr/SttlmInf/InstgRmbrsmntAgtAcct/Id/Othr/Id,CONDITIONAL_CANDIDATE,Parse sender's correspondent as instructing reimbursement agent/account.,B,SR_2025_MT202|MX_pacs_009_001_08,,REVIEW_REQUIRED_CBPR,Base-standard semantic candidate only; validate against the applicable CBPR+ Usage Guideline and SWIFT Translation Library before implementation.,Sender's Correspondent,O,,10
MT202,7,54a,ANY,pacs.009.001.08,Document/FICdtTrf/GrpHdr/SttlmInf/InstdRmbrsmntAgt/FinInstnId/BICFI,CONDITIONAL_CANDIDATE,Parse receiver's correspondent as instructed reimbursement agent/account.,B,SR_2025_MT202|MX_pacs_009_001_08,,REVIEW_REQUIRED_CBPR,Base-standard semantic candidate only; validate against the applicable CBPR+ Usage Guideline and SWIFT Translation Library before implementation.,Receiver's Correspondent,O,,11
MT202,7,54a,ANY,pacs.009.001.08,Document/FICdtTrf/GrpHdr/SttlmInf/InstdRmbrsmntAgt/FinInstnId/ClrSysMmbId/MmbId,CONDITIONAL_CANDIDATE,Parse receiver's correspondent as instructed reimbursement agent/account.,B,SR_2025_MT202|MX_pacs_009_001_08,,REVIEW_REQUIRED_CBPR,Base-standard semantic candidate only; validate against the applicable CBPR+ Usage Guideline and SWIFT Translation Library before implementation.,Receiver's Correspondent,O,,11
MT202,7,54a,ANY,pacs.009.001.08,Document/FICdtTrf/GrpHdr/SttlmInf/InstdRmbrsmntAgt/FinInstnId/Nm,CONDITIONAL_CANDIDATE,Parse receiver's correspondent as instructed reimbursement agent/account.,B,SR_2025_MT202|MX_pacs_009_001_08,,REVIEW_REQUIRED_CBPR,Base-standard semantic candidate only; validate against the applicable CBPR+ Usage Guideline and SWIFT Translation Library before implementation.,Receiver's Correspondent,O,,11
MT202,7,54a,ANY,pacs.009.001.08,Document/FICdtTrf/GrpHdr/SttlmInf/InstdRmbrsmntAgt/FinInstnId/PstlAdr/AdrLine,CONDITIONAL_CANDIDATE,Parse receiver's correspondent as instructed reimbursement agent/account.,B,SR_2025_MT202|MX_pacs_009_001_08,,REVIEW_REQUIRED_CBPR,Base-standard semantic candidate only; validate against the applicable CBPR+ Usage Guideline and SWIFT Translation Library before implementation.,Receiver's Correspondent,O,,11
MT202,7,54a,ANY,pacs.009.001.08,Document/FICdtTrf/GrpHdr/SttlmInf/InstdRmbrsmntAgtAcct/Id/IBAN,CONDITIONAL_CANDIDATE,Parse receiver's correspondent as instructed reimbursement agent/account.,B,SR_2025_MT202|MX_pacs_009_001_08,,REVIEW_REQUIRED_CBPR,Base-standard semantic candidate only; validate against the applicable CBPR+ Usage Guideline and SWIFT Translation Library before implementation.,Receiver's Correspondent,O,,11
MT202,7,54a,ANY,pacs.009.001.08,Document/FICdtTrf/GrpHdr/SttlmInf/InstdRmbrsmntAgtAcct/Id/Othr/Id,CONDITIONAL_CANDIDATE,Parse receiver's correspondent as instructed reimbursement agent/account.,B,SR_2025_MT202|MX_pacs_009_001_08,,REVIEW_REQUIRED_CBPR,Base-standard semantic candidate only; validate against the applicable CBPR+ Usage Guideline and SWIFT Translation Library before implementation.,Receiver's Correspondent,O,,11
MT202,8,56a,ANY,pacs.009.001.08,Document/FICdtTrf/CdtTrfTxInf/IntrmyAgt1/FinInstnId/BICFI,CONDITIONAL_CANDIDATE,Parse intermediary institution and account.,B,SR_2025_MT202|MX_pacs_009_001_08,,REVIEW_REQUIRED_CBPR,Base-standard semantic candidate only; validate against the applicable CBPR+ Usage Guideline and SWIFT Translation Library before implementation.,Intermediary,O,,12
MT202,8,56a,ANY,pacs.009.001.08,Document/FICdtTrf/CdtTrfTxInf/IntrmyAgt1/FinInstnId/ClrSysMmbId/MmbId,CONDITIONAL_CANDIDATE,Parse intermediary institution and account.,B,SR_2025_MT202|MX_pacs_009_001_08,,REVIEW_REQUIRED_CBPR,Base-standard semantic candidate only; validate against the applicable CBPR+ Usage Guideline and SWIFT Translation Library before implementation.,Intermediary,O,,12
MT202,8,56a,ANY,pacs.009.001.08,Document/FICdtTrf/CdtTrfTxInf/IntrmyAgt1/FinInstnId/Nm,CONDITIONAL_CANDIDATE,Parse intermediary institution and account.,B,SR_2025_MT202|MX_pacs_009_001_08,,REVIEW_REQUIRED_CBPR,Base-standard semantic candidate only; validate against the applicable CBPR+ Usage Guideline and SWIFT Translation Library before implementation.,Intermediary,O,,12
MT202,8,56a,ANY,pacs.009.001.08,Document/FICdtTrf/CdtTrfTxInf/IntrmyAgt1/FinInstnId/PstlAdr/AdrLine,CONDITIONAL_CANDIDATE,Parse intermediary institution and account.,B,SR_2025_MT202|MX_pacs_009_001_08,,REVIEW_REQUIRED_CBPR,Base-standard semantic candidate only; validate against the applicable CBPR+ Usage Guideline and SWIFT Translation Library before implementation.,Intermediary,O,,12
MT202,8,56a,ANY,pacs.009.001.08,Document/FICdtTrf/CdtTrfTxInf/IntrmyAgt1Acct/Id/IBAN,CONDITIONAL_CANDIDATE,Parse intermediary institution and account.,B,SR_2025_MT202|MX_pacs_009_001_08,,REVIEW_REQUIRED_CBPR,Base-standard semantic candidate only; validate against the applicable CBPR+ Usage Guideline and SWIFT Translation Library before implementation.,Intermediary,O,,12
MT202,8,56a,ANY,pacs.009.001.08,Document/FICdtTrf/CdtTrfTxInf/IntrmyAgt1Acct/Id/Othr/Id,CONDITIONAL_CANDIDATE,Parse intermediary institution and account.,B,SR_2025_MT202|MX_pacs_009_001_08,,REVIEW_REQUIRED_CBPR,Base-standard semantic candidate only; validate against the applicable CBPR+ Usage Guideline and SWIFT Translation Library before implementation.,Intermediary,O,,12
MT202,9,57a,ANY,pacs.009.001.08,Document/FICdtTrf/CdtTrfTxInf/CdtrAgt/FinInstnId/BICFI,CONDITIONAL_CANDIDATE,Parse account-with institution as creditor agent/account.,B,SR_2025_MT202|MX_pacs_009_001_08,,REVIEW_REQUIRED_CBPR,Base-standard semantic candidate only; validate against the applicable CBPR+ Usage Guideline and SWIFT Translation Library before implementation.,Account With Institution,O,,14
MT202,9,57a,ANY,pacs.009.001.08,Document/FICdtTrf/CdtTrfTxInf/CdtrAgt/FinInstnId/ClrSysMmbId/MmbId,CONDITIONAL_CANDIDATE,Parse account-with institution as creditor agent/account.,B,SR_2025_MT202|MX_pacs_009_001_08,,REVIEW_REQUIRED_CBPR,Base-standard semantic candidate only; validate against the applicable CBPR+ Usage Guideline and SWIFT Translation Library before implementation.,Account With Institution,O,,14
MT202,9,57a,ANY,pacs.009.001.08,Document/FICdtTrf/CdtTrfTxInf/CdtrAgt/FinInstnId/Nm,CONDITIONAL_CANDIDATE,Parse account-with institution as creditor agent/account.,B,SR_2025_MT202|MX_pacs_009_001_08,,REVIEW_REQUIRED_CBPR,Base-standard semantic candidate only; validate against the applicable CBPR+ Usage Guideline and SWIFT Translation Library before implementation.,Account With Institution,O,,14
MT202,9,57a,ANY,pacs.009.001.08,Document/FICdtTrf/CdtTrfTxInf/CdtrAgt/FinInstnId/PstlAdr/AdrLine,CONDITIONAL_CANDIDATE,Parse account-with institution as creditor agent/account.,B,SR_2025_MT202|MX_pacs_009_001_08,,REVIEW_REQUIRED_CBPR,Base-standard semantic candidate only; validate against the applicable CBPR+ Usage Guideline and SWIFT Translation Library before implementation.,Account With Institution,O,,14
MT202,9,57a,ANY,pacs.009.001.08,Document/FICdtTrf/CdtTrfTxInf/CdtrAgtAcct/Id/IBAN,CONDITIONAL_CANDIDATE,Parse account-with institution as creditor agent/account.,B,SR_2025_MT202|MX_pacs_009_001_08,,REVIEW_REQUIRED_CBPR,Base-standard semantic candidate only; validate against the applicable CBPR+ Usage Guideline and SWIFT Translation Library before implementation.,Account With Institution,O,,14
MT202,9,57a,ANY,pacs.009.001.08,Document/FICdtTrf/CdtTrfTxInf/CdtrAgtAcct/Id/Othr/Id,CONDITIONAL_CANDIDATE,Parse account-with institution as creditor agent/account.,B,SR_2025_MT202|MX_pacs_009_001_08,,REVIEW_REQUIRED_CBPR,Base-standard semantic candidate only; validate against the applicable CBPR+ Usage Guideline and SWIFT Translation Library before implementation.,Account With Institution,O,,14
MT202,10,58a,ANY,pacs.009.001.08,Document/FICdtTrf/CdtTrfTxInf/Cdtr/FinInstnId/BICFI,CONDITIONAL_CANDIDATE,Parse beneficiary institution as creditor FI/account.,B,SR_2025_MT202|MX_pacs_009_001_08,,REVIEW_REQUIRED_CBPR,Base-standard semantic candidate only; validate against the applicable CBPR+ Usage Guideline and SWIFT Translation Library before implementation.,Beneficiary Institution,M,,16
MT202,10,58a,ANY,pacs.009.001.08,Document/FICdtTrf/CdtTrfTxInf/Cdtr/FinInstnId/ClrSysMmbId/MmbId,CONDITIONAL_CANDIDATE,Parse beneficiary institution as creditor FI/account.,B,SR_2025_MT202|MX_pacs_009_001_08,,REVIEW_REQUIRED_CBPR,Base-standard semantic candidate only; validate against the applicable CBPR+ Usage Guideline and SWIFT Translation Library before implementation.,Beneficiary Institution,M,,16
MT202,10,58a,ANY,pacs.009.001.08,Document/FICdtTrf/CdtTrfTxInf/Cdtr/FinInstnId/Nm,CONDITIONAL_CANDIDATE,Parse beneficiary institution as creditor FI/account.,B,SR_2025_MT202|MX_pacs_009_001_08,,REVIEW_REQUIRED_CBPR,Base-standard semantic candidate only; validate against the applicable CBPR+ Usage Guideline and SWIFT Translation Library before implementation.,Beneficiary Institution,M,,16
MT202,10,58a,ANY,pacs.009.001.08,Document/FICdtTrf/CdtTrfTxInf/Cdtr/FinInstnId/PstlAdr/AdrLine,CONDITIONAL_CANDIDATE,Parse beneficiary institution as creditor FI/account.,B,SR_2025_MT202|MX_pacs_009_001_08,,REVIEW_REQUIRED_CBPR,Base-standard semantic candidate only; validate against the applicable CBPR+ Usage Guideline and SWIFT Translation Library before implementation.,Beneficiary Institution,M,,16
MT202,10,58a,ANY,pacs.009.001.08,Document/FICdtTrf/CdtTrfTxInf/CdtrAcct/Id/IBAN,CONDITIONAL_CANDIDATE,Parse beneficiary institution as creditor FI/account.,B,SR_2025_MT202|MX_pacs_009_001_08,,REVIEW_REQUIRED_CBPR,Base-standard semantic candidate only; validate against the applicable CBPR+ Usage Guideline and SWIFT Translation Library before implementation.,Beneficiary Institution,M,,16
MT202,10,58a,ANY,pacs.009.001.08,Document/FICdtTrf/CdtTrfTxInf/CdtrAcct/Id/Othr/Id,CONDITIONAL_CANDIDATE,Parse beneficiary institution as creditor FI/account.,B,SR_2025_MT202|MX_pacs_009_001_08,,REVIEW_REQUIRED_CBPR,Base-standard semantic candidate only; validate against the applicable CBPR+ Usage Guideline and SWIFT Translation Library before implementation.,Beneficiary Institution,M,,16
MT202,11,72,ANY,pacs.009.001.08,Document/FICdtTrf/CdtTrfTxInf/InstrForNxtAgt/InstrInf,CONDITIONAL_CANDIDATE,Parse code lines and retain only permitted instruction narrative.,C,SR_2025_MT202|MX_pacs_009_001_08,,REVIEW_REQUIRED_CBPR,Base-standard semantic candidate only; validate against the applicable CBPR+ Usage Guideline and SWIFT Translation Library before implementation.,Sender to Receiver Information,O,,18
MT202_COV,1,20,ANY,pacs.009.001.08,Document/FICdtTrf/CdtTrfTxInf/PmtId/InstrId,DIRECT_CANDIDATE,Copy transaction reference as instruction identification subject to usage constraints.,B,SR_2025_MT202_COV|MX_pacs_009_001_08|PMPG_COVER_GUIDANCE,MIT Mixar corroborates InstrId.,REVIEW_REQUIRED_CBPR,Base-standard semantic candidate only; validate against the applicable CBPR+ Usage Guideline and SWIFT Translation Library before implementation.,Transaction Reference Number,M,A,6
MT202_COV,2,21,ANY,pacs.009.001.08,Document/FICdtTrf/CdtTrfTxInf/PmtId/EndToEndId,CONDITIONAL_CANDIDATE,Carry related reference as end-to-end identification only under the official translation rule.,C,SR_2025_MT202_COV|MX_pacs_009_001_08|PMPG_COVER_GUIDANCE,,REVIEW_REQUIRED_CBPR,Base-standard semantic candidate only; validate against the applicable CBPR+ Usage Guideline and SWIFT Translation Library before implementation.,Related Reference,M,A,7
MT202_COV,3,13C,ANY,pacs.009.001.08,Document/FICdtTrf/CdtTrfTxInf/SttlmTmReq/CLSTm,CONDITIONAL_CANDIDATE,Select target by 13C code and normalize time/offset.,C,SR_2025_MT202_COV|MX_pacs_009_001_08|PMPG_COVER_GUIDANCE,,REVIEW_REQUIRED_CBPR,Base-standard semantic candidate only; validate against the applicable CBPR+ Usage Guideline and SWIFT Translation Library before implementation.,Time Indication,O,A,7
MT202_COV,3,13C,ANY,pacs.009.001.08,Document/FICdtTrf/CdtTrfTxInf/SttlmTmReq/TillTm,CONDITIONAL_CANDIDATE,Select target by 13C code and normalize time/offset.,C,SR_2025_MT202_COV|MX_pacs_009_001_08|PMPG_COVER_GUIDANCE,,REVIEW_REQUIRED_CBPR,Base-standard semantic candidate only; validate against the applicable CBPR+ Usage Guideline and SWIFT Translation Library before implementation.,Time Indication,O,A,7
MT202_COV,3,13C,ANY,pacs.009.001.08,Document/FICdtTrf/CdtTrfTxInf/SttlmTmReq/FrTm,CONDITIONAL_CANDIDATE,Select target by 13C code and normalize time/offset.,C,SR_2025_MT202_COV|MX_pacs_009_001_08|PMPG_COVER_GUIDANCE,,REVIEW_REQUIRED_CBPR,Base-standard semantic candidate only; validate against the applicable CBPR+ Usage Guideline and SWIFT Translation Library before implementation.,Time Indication,O,A,7
MT202_COV,3,13C,ANY,pacs.009.001.08,Document/FICdtTrf/CdtTrfTxInf/SttlmTmReq/RjctTm,CONDITIONAL_CANDIDATE,Select target by 13C code and normalize time/offset.,C,SR_2025_MT202_COV|MX_pacs_009_001_08|PMPG_COVER_GUIDANCE,,REVIEW_REQUIRED_CBPR,Base-standard semantic candidate only; validate against the applicable CBPR+ Usage Guideline and SWIFT Translation Library before implementation.,Time Indication,O,A,7
MT202_COV,4,32A,ANY,pacs.009.001.08,Document/FICdtTrf/CdtTrfTxInf/IntrBkSttlmDt,TRANSFORM,"Split value date, currency and amount.",B,SR_2025_MT202_COV|MX_pacs_009_001_08|PMPG_COVER_GUIDANCE,MIT Mixar corroborates amount/currency/date split.,REVIEW_REQUIRED_CBPR,Base-standard semantic candidate only; validate against the applicable CBPR+ Usage Guideline and SWIFT Translation Library before implementation.,"Value Date, Currency Code, Amount",M,A,8
MT202_COV,4,32A,ANY,pacs.009.001.08,Document/FICdtTrf/CdtTrfTxInf/IntrBkSttlmAmt,TRANSFORM,"Split value date, currency and amount.",B,SR_2025_MT202_COV|MX_pacs_009_001_08|PMPG_COVER_GUIDANCE,MIT Mixar corroborates amount/currency/date split.,REVIEW_REQUIRED_CBPR,Base-standard semantic candidate only; validate against the applicable CBPR+ Usage Guideline and SWIFT Translation Library before implementation.,"Value Date, Currency Code, Amount",M,A,8
MT202_COV,4,32A,ANY,pacs.009.001.08,Document/FICdtTrf/CdtTrfTxInf/IntrBkSttlmAmt/@Ccy,TRANSFORM,"Split value date, currency and amount.",B,SR_2025_MT202_COV|MX_pacs_009_001_08|PMPG_COVER_GUIDANCE,MIT Mixar corroborates amount/currency/date split.,REVIEW_REQUIRED_CBPR,Base-standard semantic candidate only; validate against the applicable CBPR+ Usage Guideline and SWIFT Translation Library before implementation.,"Value Date, Currency Code, Amount",M,A,8
MT202_COV,5,52a,ANY,pacs.009.001.08,Document/FICdtTrf/CdtTrfTxInf/Dbtr/FinInstnId/BICFI,CONDITIONAL_CANDIDATE,Parse ordering institution as debtor FI/account; sender fallback is outside this field-only rule.,B,SR_2025_MT202_COV|MX_pacs_009_001_08|PMPG_COVER_GUIDANCE,,REVIEW_REQUIRED_CBPR,Base-standard semantic candidate only; validate against the applicable CBPR+ Usage Guideline and SWIFT Translation Library before implementation.,Ordering Institution,O,A,9
MT202_COV,5,52a,ANY,pacs.009.001.08,Document/FICdtTrf/CdtTrfTxInf/Dbtr/FinInstnId/ClrSysMmbId/MmbId,CONDITIONAL_CANDIDATE,Parse ordering institution as debtor FI/account; sender fallback is outside this field-only rule.,B,SR_2025_MT202_COV|MX_pacs_009_001_08|PMPG_COVER_GUIDANCE,,REVIEW_REQUIRED_CBPR,Base-standard semantic candidate only; validate against the applicable CBPR+ Usage Guideline and SWIFT Translation Library before implementation.,Ordering Institution,O,A,9
MT202_COV,5,52a,ANY,pacs.009.001.08,Document/FICdtTrf/CdtTrfTxInf/Dbtr/FinInstnId/Nm,CONDITIONAL_CANDIDATE,Parse ordering institution as debtor FI/account; sender fallback is outside this field-only rule.,B,SR_2025_MT202_COV|MX_pacs_009_001_08|PMPG_COVER_GUIDANCE,,REVIEW_REQUIRED_CBPR,Base-standard semantic candidate only; validate against the applicable CBPR+ Usage Guideline and SWIFT Translation Library before implementation.,Ordering Institution,O,A,9
MT202_COV,5,52a,ANY,pacs.009.001.08,Document/FICdtTrf/CdtTrfTxInf/Dbtr/FinInstnId/PstlAdr/AdrLine,CONDITIONAL_CANDIDATE,Parse ordering institution as debtor FI/account; sender fallback is outside this field-only rule.,B,SR_2025_MT202_COV|MX_pacs_009_001_08|PMPG_COVER_GUIDANCE,,REVIEW_REQUIRED_CBPR,Base-standard semantic candidate only; validate against the applicable CBPR+ Usage Guideline and SWIFT Translation Library before implementation.,Ordering Institution,O,A,9
MT202_COV,5,52a,ANY,pacs.009.001.08,Document/FICdtTrf/CdtTrfTxInf/DbtrAcct/Id/IBAN,CONDITIONAL_CANDIDATE,Parse ordering institution as debtor FI/account; sender fallback is outside this field-only rule.,B,SR_2025_MT202_COV|MX_pacs_009_001_08|PMPG_COVER_GUIDANCE,,REVIEW_REQUIRED_CBPR,Base-standard semantic candidate only; validate against the applicable CBPR+ Usage Guideline and SWIFT Translation Library before implementation.,Ordering Institution,O,A,9
MT202_COV,5,52a,ANY,pacs.009.001.08,Document/FICdtTrf/CdtTrfTxInf/DbtrAcct/Id/Othr/Id,CONDITIONAL_CANDIDATE,Parse ordering institution as debtor FI/account; sender fallback is outside this field-only rule.,B,SR_2025_MT202_COV|MX_pacs_009_001_08|PMPG_COVER_GUIDANCE,,REVIEW_REQUIRED_CBPR,Base-standard semantic candidate only; validate against the applicable CBPR+ Usage Guideline and SWIFT Translation Library before implementation.,Ordering Institution,O,A,9
MT202_COV,6,53a,ANY,pacs.009.001.08,Document/FICdtTrf/GrpHdr/SttlmInf/InstgRmbrsmntAgt/FinInstnId/BICFI,CONDITIONAL_CANDIDATE,Parse sender's correspondent as instructing reimbursement agent/account.,B,SR_2025_MT202_COV|MX_pacs_009_001_08|PMPG_COVER_GUIDANCE,,REVIEW_REQUIRED_CBPR,Base-standard semantic candidate only; validate against the applicable CBPR+ Usage Guideline and SWIFT Translation Library before implementation.,Sender's Correspondent,O,A,10
MT202_COV,6,53a,ANY,pacs.009.001.08,Document/FICdtTrf/GrpHdr/SttlmInf/InstgRmbrsmntAgt/FinInstnId/ClrSysMmbId/MmbId,CONDITIONAL_CANDIDATE,Parse sender's correspondent as instructing reimbursement agent/account.,B,SR_2025_MT202_COV|MX_pacs_009_001_08|PMPG_COVER_GUIDANCE,,REVIEW_REQUIRED_CBPR,Base-standard semantic candidate only; validate against the applicable CBPR+ Usage Guideline and SWIFT Translation Library before implementation.,Sender's Correspondent,O,A,10
MT202_COV,6,53a,ANY,pacs.009.001.08,Document/FICdtTrf/GrpHdr/SttlmInf/InstgRmbrsmntAgt/FinInstnId/Nm,CONDITIONAL_CANDIDATE,Parse sender's correspondent as instructing reimbursement agent/account.,B,SR_2025_MT202_COV|MX_pacs_009_001_08|PMPG_COVER_GUIDANCE,,REVIEW_REQUIRED_CBPR,Base-standard semantic candidate only; validate against the applicable CBPR+ Usage Guideline and SWIFT Translation Library before implementation.,Sender's Correspondent,O,A,10
MT202_COV,6,53a,ANY,pacs.009.001.08,Document/FICdtTrf/GrpHdr/SttlmInf/InstgRmbrsmntAgt/FinInstnId/PstlAdr/AdrLine,CONDITIONAL_CANDIDATE,Parse sender's correspondent as instructing reimbursement agent/account.,B,SR_2025_MT202_COV|MX_pacs_009_001_08|PMPG_COVER_GUIDANCE,,REVIEW_REQUIRED_CBPR,Base-standard semantic candidate only; validate against the applicable CBPR+ Usage Guideline and SWIFT Translation Library before implementation.,Sender's Correspondent,O,A,10
MT202_COV,6,53a,ANY,pacs.009.001.08,Document/FICdtTrf/GrpHdr/SttlmInf/InstgRmbrsmntAgtAcct/Id/IBAN,CONDITIONAL_CANDIDATE,Parse sender's correspondent as instructing reimbursement agent/account.,B,SR_2025_MT202_COV|MX_pacs_009_001_08|PMPG_COVER_GUIDANCE,,REVIEW_REQUIRED_CBPR,Base-standard semantic candidate only; validate against the applicable CBPR+ Usage Guideline and SWIFT Translation Library before implementation.,Sender's Correspondent,O,A,10
MT202_COV,6,53a,ANY,pacs.009.001.08,Document/FICdtTrf/GrpHdr/SttlmInf/InstgRmbrsmntAgtAcct/Id/Othr/Id,CONDITIONAL_CANDIDATE,Parse sender's correspondent as instructing reimbursement agent/account.,B,SR_2025_MT202_COV|MX_pacs_009_001_08|PMPG_COVER_GUIDANCE,,REVIEW_REQUIRED_CBPR,Base-standard semantic candidate only; validate against the applicable CBPR+ Usage Guideline and SWIFT Translation Library before implementation.,Sender's Correspondent,O,A,10
MT202_COV,7,54a,ANY,pacs.009.001.08,Document/FICdtTrf/GrpHdr/SttlmInf/InstdRmbrsmntAgt/FinInstnId/BICFI,CONDITIONAL_CANDIDATE,Parse receiver's correspondent as instructed reimbursement agent/account.,B,SR_2025_MT202_COV|MX_pacs_009_001_08|PMPG_COVER_GUIDANCE,,REVIEW_REQUIRED_CBPR,Base-standard semantic candidate only; validate against the applicable CBPR+ Usage Guideline and SWIFT Translation Library before implementation.,Receiver's Correspondent,O,A,12
MT202_COV,7,54a,ANY,pacs.009.001.08,Document/FICdtTrf/GrpHdr/SttlmInf/InstdRmbrsmntAgt/FinInstnId/ClrSysMmbId/MmbId,CONDITIONAL_CANDIDATE,Parse receiver's correspondent as instructed reimbursement agent/account.,B,SR_2025_MT202_COV|MX_pacs_009_001_08|PMPG_COVER_GUIDANCE,,REVIEW_REQUIRED_CBPR,Base-standard semantic candidate only; validate against the applicable CBPR+ Usage Guideline and SWIFT Translation Library before implementation.,Receiver's Correspondent,O,A,12
MT202_COV,7,54a,ANY,pacs.009.001.08,Document/FICdtTrf/GrpHdr/SttlmInf/InstdRmbrsmntAgt/FinInstnId/Nm,CONDITIONAL_CANDIDATE,Parse receiver's correspondent as instructed reimbursement agent/account.,B,SR_2025_MT202_COV|MX_pacs_009_001_08|PMPG_COVER_GUIDANCE,,REVIEW_REQUIRED_CBPR,Base-standard semantic candidate only; validate against the applicable CBPR+ Usage Guideline and SWIFT Translation Library before implementation.,Receiver's Correspondent,O,A,12
MT202_COV,7,54a,ANY,pacs.009.001.08,Document/FICdtTrf/GrpHdr/SttlmInf/InstdRmbrsmntAgt/FinInstnId/PstlAdr/AdrLine,CONDITIONAL_CANDIDATE,Parse receiver's correspondent as instructed reimbursement agent/account.,B,SR_2025_MT202_COV|MX_pacs_009_001_08|PMPG_COVER_GUIDANCE,,REVIEW_REQUIRED_CBPR,Base-standard semantic candidate only; validate against the applicable CBPR+ Usage Guideline and SWIFT Translation Library before implementation.,Receiver's Correspondent,O,A,12
MT202_COV,7,54a,ANY,pacs.009.001.08,Document/FICdtTrf/GrpHdr/SttlmInf/InstdRmbrsmntAgtAcct/Id/IBAN,CONDITIONAL_CANDIDATE,Parse receiver's correspondent as instructed reimbursement agent/account.,B,SR_2025_MT202_COV|MX_pacs_009_001_08|PMPG_COVER_GUIDANCE,,REVIEW_REQUIRED_CBPR,Base-standard semantic candidate only; validate against the applicable CBPR+ Usage Guideline and SWIFT Translation Library before implementation.,Receiver's Correspondent,O,A,12
MT202_COV,7,54a,ANY,pacs.009.001.08,Document/FICdtTrf/GrpHdr/SttlmInf/InstdRmbrsmntAgtAcct/Id/Othr/Id,CONDITIONAL_CANDIDATE,Parse receiver's correspondent as instructed reimbursement agent/account.,B,SR_2025_MT202_COV|MX_pacs_009_001_08|PMPG_COVER_GUIDANCE,,REVIEW_REQUIRED_CBPR,Base-standard semantic candidate only; validate against the applicable CBPR+ Usage Guideline and SWIFT Translation Library before implementation.,Receiver's Correspondent,O,A,12
MT202_COV,8,56a,ANY,pacs.009.001.08,Document/FICdtTrf/CdtTrfTxInf/IntrmyAgt1/FinInstnId/BICFI,CONDITIONAL_CANDIDATE,Parse intermediary institution and account.,B,SR_2025_MT202_COV|MX_pacs_009_001_08|PMPG_COVER_GUIDANCE,,REVIEW_REQUIRED_CBPR,Base-standard semantic candidate only; validate against the applicable CBPR+ Usage Guideline and SWIFT Translation Library before implementation.,Intermediary,O,A,13
MT202_COV,8,56a,ANY,pacs.009.001.08,Document/FICdtTrf/CdtTrfTxInf/IntrmyAgt1/FinInstnId/ClrSysMmbId/MmbId,CONDITIONAL_CANDIDATE,Parse intermediary institution and account.,B,SR_2025_MT202_COV|MX_pacs_009_001_08|PMPG_COVER_GUIDANCE,,REVIEW_REQUIRED_CBPR,Base-standard semantic candidate only; validate against the applicable CBPR+ Usage Guideline and SWIFT Translation Library before implementation.,Intermediary,O,A,13
MT202_COV,8,56a,ANY,pacs.009.001.08,Document/FICdtTrf/CdtTrfTxInf/IntrmyAgt1/FinInstnId/Nm,CONDITIONAL_CANDIDATE,Parse intermediary institution and account.,B,SR_2025_MT202_COV|MX_pacs_009_001_08|PMPG_COVER_GUIDANCE,,REVIEW_REQUIRED_CBPR,Base-standard semantic candidate only; validate against the applicable CBPR+ Usage Guideline and SWIFT Translation Library before implementation.,Intermediary,O,A,13
MT202_COV,8,56a,ANY,pacs.009.001.08,Document/FICdtTrf/CdtTrfTxInf/IntrmyAgt1/FinInstnId/PstlAdr/AdrLine,CONDITIONAL_CANDIDATE,Parse intermediary institution and account.,B,SR_2025_MT202_COV|MX_pacs_009_001_08|PMPG_COVER_GUIDANCE,,REVIEW_REQUIRED_CBPR,Base-standard semantic candidate only; validate against the applicable CBPR+ Usage Guideline and SWIFT Translation Library before implementation.,Intermediary,O,A,13
MT202_COV,8,56a,ANY,pacs.009.001.08,Document/FICdtTrf/CdtTrfTxInf/IntrmyAgt1Acct/Id/IBAN,CONDITIONAL_CANDIDATE,Parse intermediary institution and account.,B,SR_2025_MT202_COV|MX_pacs_009_001_08|PMPG_COVER_GUIDANCE,,REVIEW_REQUIRED_CBPR,Base-standard semantic candidate only; validate against the applicable CBPR+ Usage Guideline and SWIFT Translation Library before implementation.,Intermediary,O,A,13
MT202_COV,8,56a,ANY,pacs.009.001.08,Document/FICdtTrf/CdtTrfTxInf/IntrmyAgt1Acct/Id/Othr/Id,CONDITIONAL_CANDIDATE,Parse intermediary institution and account.,B,SR_2025_MT202_COV|MX_pacs_009_001_08|PMPG_COVER_GUIDANCE,,REVIEW_REQUIRED_CBPR,Base-standard semantic candidate only; validate against the applicable CBPR+ Usage Guideline and SWIFT Translation Library before implementation.,Intermediary,O,A,13
MT202_COV,9,57a,ANY,pacs.009.001.08,Document/FICdtTrf/CdtTrfTxInf/CdtrAgt/FinInstnId/BICFI,CONDITIONAL_CANDIDATE,Parse account-with institution as creditor agent/account.,B,SR_2025_MT202_COV|MX_pacs_009_001_08|PMPG_COVER_GUIDANCE,,REVIEW_REQUIRED_CBPR,Base-standard semantic candidate only; validate against the applicable CBPR+ Usage Guideline and SWIFT Translation Library before implementation.,Account With Institution,M,A,15
MT202_COV,9,57a,ANY,pacs.009.001.08,Document/FICdtTrf/CdtTrfTxInf/CdtrAgt/FinInstnId/ClrSysMmbId/MmbId,CONDITIONAL_CANDIDATE,Parse account-with institution as creditor agent/account.,B,SR_2025_MT202_COV|MX_pacs_009_001_08|PMPG_COVER_GUIDANCE,,REVIEW_REQUIRED_CBPR,Base-standard semantic candidate only; validate against the applicable CBPR+ Usage Guideline and SWIFT Translation Library before implementation.,Account With Institution,M,A,15
MT202_COV,9,57a,ANY,pacs.009.001.08,Document/FICdtTrf/CdtTrfTxInf/CdtrAgt/FinInstnId/Nm,CONDITIONAL_CANDIDATE,Parse account-with institution as creditor agent/account.,B,SR_2025_MT202_COV|MX_pacs_009_001_08|PMPG_COVER_GUIDANCE,,REVIEW_REQUIRED_CBPR,Base-standard semantic candidate only; validate against the applicable CBPR+ Usage Guideline and SWIFT Translation Library before implementation.,Account With Institution,M,A,15
MT202_COV,9,57a,ANY,pacs.009.001.08,Document/FICdtTrf/CdtTrfTxInf/CdtrAgt/FinInstnId/PstlAdr/AdrLine,CONDITIONAL_CANDIDATE,Parse account-with institution as creditor agent/account.,B,SR_2025_MT202_COV|MX_pacs_009_001_08|PMPG_COVER_GUIDANCE,,REVIEW_REQUIRED_CBPR,Base-standard semantic candidate only; validate against the applicable CBPR+ Usage Guideline and SWIFT Translation Library before implementation.,Account With Institution,M,A,15
MT202_COV,9,57a,ANY,pacs.009.001.08,Document/FICdtTrf/CdtTrfTxInf/CdtrAgtAcct/Id/IBAN,CONDITIONAL_CANDIDATE,Parse account-with institution as creditor agent/account.,B,SR_2025_MT202_COV|MX_pacs_009_001_08|PMPG_COVER_GUIDANCE,,REVIEW_REQUIRED_CBPR,Base-standard semantic candidate only; validate against the applicable CBPR+ Usage Guideline and SWIFT Translation Library before implementation.,Account With Institution,M,A,15
MT202_COV,9,57a,ANY,pacs.009.001.08,Document/FICdtTrf/CdtTrfTxInf/CdtrAgtAcct/Id/Othr/Id,CONDITIONAL_CANDIDATE,Parse account-with institution as creditor agent/account.,B,SR_2025_MT202_COV|MX_pacs_009_001_08|PMPG_COVER_GUIDANCE,,REVIEW_REQUIRED_CBPR,Base-standard semantic candidate only; validate against the applicable CBPR+ Usage Guideline and SWIFT Translation Library before implementation.,Account With Institution,M,A,15
MT202_COV,10,58a,ANY,pacs.009.001.08,Document/FICdtTrf/CdtTrfTxInf/Cdtr/FinInstnId/BICFI,CONDITIONAL_CANDIDATE,Parse beneficiary institution as creditor FI/account.,B,SR_2025_MT202_COV|MX_pacs_009_001_08|PMPG_COVER_GUIDANCE,,REVIEW_REQUIRED_CBPR,Base-standard semantic candidate only; validate against the applicable CBPR+ Usage Guideline and SWIFT Translation Library before implementation.,Beneficiary Institution,M,A,17
MT202_COV,10,58a,ANY,pacs.009.001.08,Document/FICdtTrf/CdtTrfTxInf/Cdtr/FinInstnId/ClrSysMmbId/MmbId,CONDITIONAL_CANDIDATE,Parse beneficiary institution as creditor FI/account.,B,SR_2025_MT202_COV|MX_pacs_009_001_08|PMPG_COVER_GUIDANCE,,REVIEW_REQUIRED_CBPR,Base-standard semantic candidate only; validate against the applicable CBPR+ Usage Guideline and SWIFT Translation Library before implementation.,Beneficiary Institution,M,A,17
MT202_COV,10,58a,ANY,pacs.009.001.08,Document/FICdtTrf/CdtTrfTxInf/Cdtr/FinInstnId/Nm,CONDITIONAL_CANDIDATE,Parse beneficiary institution as creditor FI/account.,B,SR_2025_MT202_COV|MX_pacs_009_001_08|PMPG_COVER_GUIDANCE,,REVIEW_REQUIRED_CBPR,Base-standard semantic candidate only; validate against the applicable CBPR+ Usage Guideline and SWIFT Translation Library before implementation.,Beneficiary Institution,M,A,17
MT202_COV,10,58a,ANY,pacs.009.001.08,Document/FICdtTrf/CdtTrfTxInf/Cdtr/FinInstnId/PstlAdr/AdrLine,CONDITIONAL_CANDIDATE,Parse beneficiary institution as creditor FI/account.,B,SR_2025_MT202_COV|MX_pacs_009_001_08|PMPG_COVER_GUIDANCE,,REVIEW_REQUIRED_CBPR,Base-standard semantic candidate only; validate against the applicable CBPR+ Usage Guideline and SWIFT Translation Library before implementation.,Beneficiary Institution,M,A,17
MT202_COV,10,58a,ANY,pacs.009.001.08,Document/FICdtTrf/CdtTrfTxInf/CdtrAcct/Id/IBAN,CONDITIONAL_CANDIDATE,Parse beneficiary institution as creditor FI/account.,B,SR_2025_MT202_COV|MX_pacs_009_001_08|PMPG_COVER_GUIDANCE,,REVIEW_REQUIRED_CBPR,Base-standard semantic candidate only; validate against the applicable CBPR+ Usage Guideline and SWIFT Translation Library before implementation.,Beneficiary Institution,M,A,17
MT202_COV,10,58a,ANY,pacs.009.001.08,Document/FICdtTrf/CdtTrfTxInf/CdtrAcct/Id/Othr/Id,CONDITIONAL_CANDIDATE,Parse beneficiary institution as creditor FI/account.,B,SR_2025_MT202_COV|MX_pacs_009_001_08|PMPG_COVER_GUIDANCE,,REVIEW_REQUIRED_CBPR,Base-standard semantic candidate only; validate against the applicable CBPR+ Usage Guideline and SWIFT Translation Library before implementation.,Beneficiary Institution,M,A,17
MT202_COV,11,72,ANY,pacs.009.001.08,Document/FICdtTrf/CdtTrfTxInf/InstrForNxtAgt/InstrInf,CONDITIONAL_CANDIDATE,Parse code lines and retain only permitted instruction narrative.,C,SR_2025_MT202_COV|MX_pacs_009_001_08|PMPG_COVER_GUIDANCE,,REVIEW_REQUIRED_CBPR,Base-standard semantic candidate only; validate against the applicable CBPR+ Usage Guideline and SWIFT Translation Library before implementation.,Sender to Receiver Information,O,A,19
MT202_COV,12,50a,ANY,pacs.009.001.08,Document/FICdtTrf/CdtTrfTxInf/UndrlygCstmrCdtTrf/Dbtr/Nm,CONDITIONAL_CANDIDATE,Parse ordering customer into underlying debtor and account.,B,SR_2025_MT202_COV|MX_pacs_009_001_08|PMPG_COVER_GUIDANCE,,REVIEW_REQUIRED_CBPR,Base-standard semantic candidate only; validate against the applicable CBPR+ Usage Guideline and SWIFT Translation Library before implementation.,Ordering Customer,M,B,21
MT202_COV,12,50a,ANY,pacs.009.001.08,Document/FICdtTrf/CdtTrfTxInf/UndrlygCstmrCdtTrf/Dbtr/PstlAdr/AdrLine,CONDITIONAL_CANDIDATE,Parse ordering customer into underlying debtor and account.,B,SR_2025_MT202_COV|MX_pacs_009_001_08|PMPG_COVER_GUIDANCE,,REVIEW_REQUIRED_CBPR,Base-standard semantic candidate only; validate against the applicable CBPR+ Usage Guideline and SWIFT Translation Library before implementation.,Ordering Customer,M,B,21
MT202_COV,12,50a,ANY,pacs.009.001.08,Document/FICdtTrf/CdtTrfTxInf/UndrlygCstmrCdtTrf/Dbtr/Id/OrgId/AnyBIC,CONDITIONAL_CANDIDATE,Parse ordering customer into underlying debtor and account.,B,SR_2025_MT202_COV|MX_pacs_009_001_08|PMPG_COVER_GUIDANCE,,REVIEW_REQUIRED_CBPR,Base-standard semantic candidate only; validate against the applicable CBPR+ Usage Guideline and SWIFT Translation Library before implementation.,Ordering Customer,M,B,21
MT202_COV,12,50a,ANY,pacs.009.001.08,Document/FICdtTrf/CdtTrfTxInf/UndrlygCstmrCdtTrf/DbtrAcct/Id/IBAN,CONDITIONAL_CANDIDATE,Parse ordering customer into underlying debtor and account.,B,SR_2025_MT202_COV|MX_pacs_009_001_08|PMPG_COVER_GUIDANCE,,REVIEW_REQUIRED_CBPR,Base-standard semantic candidate only; validate against the applicable CBPR+ Usage Guideline and SWIFT Translation Library before implementation.,Ordering Customer,M,B,21
MT202_COV,12,50a,ANY,pacs.009.001.08,Document/FICdtTrf/CdtTrfTxInf/UndrlygCstmrCdtTrf/DbtrAcct/Id/Othr/Id,CONDITIONAL_CANDIDATE,Parse ordering customer into underlying debtor and account.,B,SR_2025_MT202_COV|MX_pacs_009_001_08|PMPG_COVER_GUIDANCE,,REVIEW_REQUIRED_CBPR,Base-standard semantic candidate only; validate against the applicable CBPR+ Usage Guideline and SWIFT Translation Library before implementation.,Ordering Customer,M,B,21
MT202_COV,13,52a,ANY,pacs.009.001.08,Document/FICdtTrf/CdtTrfTxInf/UndrlygCstmrCdtTrf/DbtrAgt/FinInstnId/BICFI,CONDITIONAL_CANDIDATE,Parse underlying ordering institution as debtor agent/account.,B,SR_2025_MT202_COV|MX_pacs_009_001_08|PMPG_COVER_GUIDANCE,,REVIEW_REQUIRED_CBPR,Base-standard semantic candidate only; validate against the applicable CBPR+ Usage Guideline and SWIFT Translation Library before implementation.,Ordering Institution,O,B,24
MT202_COV,13,52a,ANY,pacs.009.001.08,Document/FICdtTrf/CdtTrfTxInf/UndrlygCstmrCdtTrf/DbtrAgt/FinInstnId/ClrSysMmbId/MmbId,CONDITIONAL_CANDIDATE,Parse underlying ordering institution as debtor agent/account.,B,SR_2025_MT202_COV|MX_pacs_009_001_08|PMPG_COVER_GUIDANCE,,REVIEW_REQUIRED_CBPR,Base-standard semantic candidate only; validate against the applicable CBPR+ Usage Guideline and SWIFT Translation Library before implementation.,Ordering Institution,O,B,24
MT202_COV,13,52a,ANY,pacs.009.001.08,Document/FICdtTrf/CdtTrfTxInf/UndrlygCstmrCdtTrf/DbtrAgt/FinInstnId/Nm,CONDITIONAL_CANDIDATE,Parse underlying ordering institution as debtor agent/account.,B,SR_2025_MT202_COV|MX_pacs_009_001_08|PMPG_COVER_GUIDANCE,,REVIEW_REQUIRED_CBPR,Base-standard semantic candidate only; validate against the applicable CBPR+ Usage Guideline and SWIFT Translation Library before implementation.,Ordering Institution,O,B,24
MT202_COV,13,52a,ANY,pacs.009.001.08,Document/FICdtTrf/CdtTrfTxInf/UndrlygCstmrCdtTrf/DbtrAgt/FinInstnId/PstlAdr/AdrLine,CONDITIONAL_CANDIDATE,Parse underlying ordering institution as debtor agent/account.,B,SR_2025_MT202_COV|MX_pacs_009_001_08|PMPG_COVER_GUIDANCE,,REVIEW_REQUIRED_CBPR,Base-standard semantic candidate only; validate against the applicable CBPR+ Usage Guideline and SWIFT Translation Library before implementation.,Ordering Institution,O,B,24
MT202_COV,13,52a,ANY,pacs.009.001.08,Document/FICdtTrf/CdtTrfTxInf/UndrlygCstmrCdtTrf/DbtrAgtAcct/Id/IBAN,CONDITIONAL_CANDIDATE,Parse underlying ordering institution as debtor agent/account.,B,SR_2025_MT202_COV|MX_pacs_009_001_08|PMPG_COVER_GUIDANCE,,REVIEW_REQUIRED_CBPR,Base-standard semantic candidate only; validate against the applicable CBPR+ Usage Guideline and SWIFT Translation Library before implementation.,Ordering Institution,O,B,24
MT202_COV,13,52a,ANY,pacs.009.001.08,Document/FICdtTrf/CdtTrfTxInf/UndrlygCstmrCdtTrf/DbtrAgtAcct/Id/Othr/Id,CONDITIONAL_CANDIDATE,Parse underlying ordering institution as debtor agent/account.,B,SR_2025_MT202_COV|MX_pacs_009_001_08|PMPG_COVER_GUIDANCE,,REVIEW_REQUIRED_CBPR,Base-standard semantic candidate only; validate against the applicable CBPR+ Usage Guideline and SWIFT Translation Library before implementation.,Ordering Institution,O,B,24
MT202_COV,14,56a,ANY,pacs.009.001.08,Document/FICdtTrf/CdtTrfTxInf/UndrlygCstmrCdtTrf/IntrmyAgt1/FinInstnId/BICFI,CONDITIONAL_CANDIDATE,Parse underlying intermediary institution and account.,B,SR_2025_MT202_COV|MX_pacs_009_001_08|PMPG_COVER_GUIDANCE,,REVIEW_REQUIRED_CBPR,Base-standard semantic candidate only; validate against the applicable CBPR+ Usage Guideline and SWIFT Translation Library before implementation.,Intermediary Institution,O,B,25
MT202_COV,14,56a,ANY,pacs.009.001.08,Document/FICdtTrf/CdtTrfTxInf/UndrlygCstmrCdtTrf/IntrmyAgt1/FinInstnId/ClrSysMmbId/MmbId,CONDITIONAL_CANDIDATE,Parse underlying intermediary institution and account.,B,SR_2025_MT202_COV|MX_pacs_009_001_08|PMPG_COVER_GUIDANCE,,REVIEW_REQUIRED_CBPR,Base-standard semantic candidate only; validate against the applicable CBPR+ Usage Guideline and SWIFT Translation Library before implementation.,Intermediary Institution,O,B,25
MT202_COV,14,56a,ANY,pacs.009.001.08,Document/FICdtTrf/CdtTrfTxInf/UndrlygCstmrCdtTrf/IntrmyAgt1/FinInstnId/Nm,CONDITIONAL_CANDIDATE,Parse underlying intermediary institution and account.,B,SR_2025_MT202_COV|MX_pacs_009_001_08|PMPG_COVER_GUIDANCE,,REVIEW_REQUIRED_CBPR,Base-standard semantic candidate only; validate against the applicable CBPR+ Usage Guideline and SWIFT Translation Library before implementation.,Intermediary Institution,O,B,25
MT202_COV,14,56a,ANY,pacs.009.001.08,Document/FICdtTrf/CdtTrfTxInf/UndrlygCstmrCdtTrf/IntrmyAgt1/FinInstnId/PstlAdr/AdrLine,CONDITIONAL_CANDIDATE,Parse underlying intermediary institution and account.,B,SR_2025_MT202_COV|MX_pacs_009_001_08|PMPG_COVER_GUIDANCE,,REVIEW_REQUIRED_CBPR,Base-standard semantic candidate only; validate against the applicable CBPR+ Usage Guideline and SWIFT Translation Library before implementation.,Intermediary Institution,O,B,25
MT202_COV,14,56a,ANY,pacs.009.001.08,Document/FICdtTrf/CdtTrfTxInf/UndrlygCstmrCdtTrf/IntrmyAgt1Acct/Id/IBAN,CONDITIONAL_CANDIDATE,Parse underlying intermediary institution and account.,B,SR_2025_MT202_COV|MX_pacs_009_001_08|PMPG_COVER_GUIDANCE,,REVIEW_REQUIRED_CBPR,Base-standard semantic candidate only; validate against the applicable CBPR+ Usage Guideline and SWIFT Translation Library before implementation.,Intermediary Institution,O,B,25
MT202_COV,14,56a,ANY,pacs.009.001.08,Document/FICdtTrf/CdtTrfTxInf/UndrlygCstmrCdtTrf/IntrmyAgt1Acct/Id/Othr/Id,CONDITIONAL_CANDIDATE,Parse underlying intermediary institution and account.,B,SR_2025_MT202_COV|MX_pacs_009_001_08|PMPG_COVER_GUIDANCE,,REVIEW_REQUIRED_CBPR,Base-standard semantic candidate only; validate against the applicable CBPR+ Usage Guideline and SWIFT Translation Library before implementation.,Intermediary Institution,O,B,25
MT202_COV,15,57a,ANY,pacs.009.001.08,Document/FICdtTrf/CdtTrfTxInf/UndrlygCstmrCdtTrf/CdtrAgt/FinInstnId/BICFI,CONDITIONAL_CANDIDATE,Parse underlying account-with institution as creditor agent/account.,B,SR_2025_MT202_COV|MX_pacs_009_001_08|PMPG_COVER_GUIDANCE,,REVIEW_REQUIRED_CBPR,Base-standard semantic candidate only; validate against the applicable CBPR+ Usage Guideline and SWIFT Translation Library before implementation.,Account With Institution,M,B,27
MT202_COV,15,57a,ANY,pacs.009.001.08,Document/FICdtTrf/CdtTrfTxInf/UndrlygCstmrCdtTrf/CdtrAgt/FinInstnId/ClrSysMmbId/MmbId,CONDITIONAL_CANDIDATE,Parse underlying account-with institution as creditor agent/account.,B,SR_2025_MT202_COV|MX_pacs_009_001_08|PMPG_COVER_GUIDANCE,,REVIEW_REQUIRED_CBPR,Base-standard semantic candidate only; validate against the applicable CBPR+ Usage Guideline and SWIFT Translation Library before implementation.,Account With Institution,M,B,27
MT202_COV,15,57a,ANY,pacs.009.001.08,Document/FICdtTrf/CdtTrfTxInf/UndrlygCstmrCdtTrf/CdtrAgt/FinInstnId/Nm,CONDITIONAL_CANDIDATE,Parse underlying account-with institution as creditor agent/account.,B,SR_2025_MT202_COV|MX_pacs_009_001_08|PMPG_COVER_GUIDANCE,,REVIEW_REQUIRED_CBPR,Base-standard semantic candidate only; validate against the applicable CBPR+ Usage Guideline and SWIFT Translation Library before implementation.,Account With Institution,M,B,27
MT202_COV,15,57a,ANY,pacs.009.001.08,Document/FICdtTrf/CdtTrfTxInf/UndrlygCstmrCdtTrf/CdtrAgt/FinInstnId/PstlAdr/AdrLine,CONDITIONAL_CANDIDATE,Parse underlying account-with institution as creditor agent/account.,B,SR_2025_MT202_COV|MX_pacs_009_001_08|PMPG_COVER_GUIDANCE,,REVIEW_REQUIRED_CBPR,Base-standard semantic candidate only; validate against the applicable CBPR+ Usage Guideline and SWIFT Translation Library before implementation.,Account With Institution,M,B,27
MT202_COV,15,57a,ANY,pacs.009.001.08,Document/FICdtTrf/CdtTrfTxInf/UndrlygCstmrCdtTrf/CdtrAgtAcct/Id/IBAN,CONDITIONAL_CANDIDATE,Parse underlying account-with institution as creditor agent/account.,B,SR_2025_MT202_COV|MX_pacs_009_001_08|PMPG_COVER_GUIDANCE,,REVIEW_REQUIRED_CBPR,Base-standard semantic candidate only; validate against the applicable CBPR+ Usage Guideline and SWIFT Translation Library before implementation.,Account With Institution,M,B,27
MT202_COV,15,57a,ANY,pacs.009.001.08,Document/FICdtTrf/CdtTrfTxInf/UndrlygCstmrCdtTrf/CdtrAgtAcct/Id/Othr/Id,CONDITIONAL_CANDIDATE,Parse underlying account-with institution as creditor agent/account.,B,SR_2025_MT202_COV|MX_pacs_009_001_08|PMPG_COVER_GUIDANCE,,REVIEW_REQUIRED_CBPR,Base-standard semantic candidate only; validate against the applicable CBPR+ Usage Guideline and SWIFT Translation Library before implementation.,Account With Institution,M,B,27
MT202_COV,16,59a,ANY,pacs.009.001.08,Document/FICdtTrf/CdtTrfTxInf/UndrlygCstmrCdtTrf/Cdtr/Nm,CONDITIONAL_CANDIDATE,Parse beneficiary customer into underlying creditor and account.,B,SR_2025_MT202_COV|MX_pacs_009_001_08|PMPG_COVER_GUIDANCE,,REVIEW_REQUIRED_CBPR,Base-standard semantic candidate only; validate against the applicable CBPR+ Usage Guideline and SWIFT Translation Library before implementation.,Beneficiary Customer,M,B,29
MT202_COV,16,59a,ANY,pacs.009.001.08,Document/FICdtTrf/CdtTrfTxInf/UndrlygCstmrCdtTrf/Cdtr/PstlAdr/AdrLine,CONDITIONAL_CANDIDATE,Parse beneficiary customer into underlying creditor and account.,B,SR_2025_MT202_COV|MX_pacs_009_001_08|PMPG_COVER_GUIDANCE,,REVIEW_REQUIRED_CBPR,Base-standard semantic candidate only; validate against the applicable CBPR+ Usage Guideline and SWIFT Translation Library before implementation.,Beneficiary Customer,M,B,29
MT202_COV,16,59a,ANY,pacs.009.001.08,Document/FICdtTrf/CdtTrfTxInf/UndrlygCstmrCdtTrf/Cdtr/Id/OrgId/AnyBIC,CONDITIONAL_CANDIDATE,Parse beneficiary customer into underlying creditor and account.,B,SR_2025_MT202_COV|MX_pacs_009_001_08|PMPG_COVER_GUIDANCE,,REVIEW_REQUIRED_CBPR,Base-standard semantic candidate only; validate against the applicable CBPR+ Usage Guideline and SWIFT Translation Library before implementation.,Beneficiary Customer,M,B,29
MT202_COV,16,59a,ANY,pacs.009.001.08,Document/FICdtTrf/CdtTrfTxInf/UndrlygCstmrCdtTrf/CdtrAcct/Id/IBAN,CONDITIONAL_CANDIDATE,Parse beneficiary customer into underlying creditor and account.,B,SR_2025_MT202_COV|MX_pacs_009_001_08|PMPG_COVER_GUIDANCE,,REVIEW_REQUIRED_CBPR,Base-standard semantic candidate only; validate against the applicable CBPR+ Usage Guideline and SWIFT Translation Library before implementation.,Beneficiary Customer,M,B,29
MT202_COV,16,59a,ANY,pacs.009.001.08,Document/FICdtTrf/CdtTrfTxInf/UndrlygCstmrCdtTrf/CdtrAcct/Id/Othr/Id,CONDITIONAL_CANDIDATE,Parse beneficiary customer into underlying creditor and account.,B,SR_2025_MT202_COV|MX_pacs_009_001_08|PMPG_COVER_GUIDANCE,,REVIEW_REQUIRED_CBPR,Base-standard semantic candidate only; validate against the applicable CBPR+ Usage Guideline and SWIFT Translation Library before implementation.,Beneficiary Customer,M,B,29
MT202_COV,17,70,ANY,pacs.009.001.08,Document/FICdtTrf/CdtTrfTxInf/UndrlygCstmrCdtTrf/RmtInf/Ustrd,TRANSFORM,Copy permitted remittance narrative; structured remittance requires a separate rule.,B,SR_2025_MT202_COV|MX_pacs_009_001_08|PMPG_COVER_GUIDANCE,,REVIEW_REQUIRED_CBPR,Base-standard semantic candidate only; validate against the applicable CBPR+ Usage Guideline and SWIFT Translation Library before implementation.,Remittance Information,O,B,31
MT202_COV,18,72,ANY,pacs.009.001.08,Document/FICdtTrf/CdtTrfTxInf/UndrlygCstmrCdtTrf/InstrForNxtAgt/InstrInf,CONDITIONAL_CANDIDATE,Parse underlying sender-to-receiver codes and permitted narrative.,C,SR_2025_MT202_COV|MX_pacs_009_001_08|PMPG_COVER_GUIDANCE,,REVIEW_REQUIRED_CBPR,Base-standard semantic candidate only; validate against the applicable CBPR+ Usage Guideline and SWIFT Translation Library before implementation.,Sender to Receiver Information,O,B,31
MT202_COV,19,33B,ANY,pacs.009.001.08,Document/FICdtTrf/CdtTrfTxInf/UndrlygCstmrCdtTrf/InstdAmt,TRANSFORM,Split underlying instructed currency and amount.,B,SR_2025_MT202_COV|MX_pacs_009_001_08|PMPG_COVER_GUIDANCE,,REVIEW_REQUIRED_CBPR,Base-standard semantic candidate only; validate against the applicable CBPR+ Usage Guideline and SWIFT Translation Library before implementation.,Currency/Instructed Amount,O,B,32
MT202_COV,19,33B,ANY,pacs.009.001.08,Document/FICdtTrf/CdtTrfTxInf/UndrlygCstmrCdtTrf/InstdAmt/@Ccy,TRANSFORM,Split underlying instructed currency and amount.,B,SR_2025_MT202_COV|MX_pacs_009_001_08|PMPG_COVER_GUIDANCE,,REVIEW_REQUIRED_CBPR,Base-standard semantic candidate only; validate against the applicable CBPR+ Usage Guideline and SWIFT Translation Library before implementation.,Currency/Instructed Amount,O,B,32
MT910,1,20,ANY,camt.054.001.08,Document/BkToCstmrDbtCdtNtfctn/Ntfctn/Ntry/NtryRef,CONDITIONAL_CANDIDATE,Use as entry/account-servicer reference according to notification construction policy; do not duplicate without provenance.,C,SR_2025_MT910|MX_camt_054_001_08,,REVIEW_REQUIRED_CBPR,Base-standard semantic candidate only; validate against the applicable CBPR+ Usage Guideline and SWIFT Translation Library before implementation.,Transaction Reference Number,M,,5
MT910,1,20,ANY,camt.054.001.08,Document/BkToCstmrDbtCdtNtfctn/Ntfctn/Ntry/NtryDtls/TxDtls/Refs/AcctSvcrRef,CONDITIONAL_CANDIDATE,Use as entry/account-servicer reference according to notification construction policy; do not duplicate without provenance.,C,SR_2025_MT910|MX_camt_054_001_08,,REVIEW_REQUIRED_CBPR,Base-standard semantic candidate only; validate against the applicable CBPR+ Usage Guideline and SWIFT Translation Library before implementation.,Transaction Reference Number,M,,5
MT910,2,21,ANY,camt.054.001.08,Document/BkToCstmrDbtCdtNtfctn/Ntfctn/Ntry/NtryDtls/TxDtls/Refs/InstrId,CONDITIONAL_CANDIDATE,Field 21 copies a reference from the causing payment; choose reference type from the originating message and retain provenance.,D,SR_2025_MT910|MX_camt_054_001_08,,REVIEW_REQUIRED_CBPR,Base-standard semantic candidate only; validate against the applicable CBPR+ Usage Guideline and SWIFT Translation Library before implementation.,Related Reference,M,,5
MT910,2,21,ANY,camt.054.001.08,Document/BkToCstmrDbtCdtNtfctn/Ntfctn/Ntry/NtryDtls/TxDtls/Refs/EndToEndId,CONDITIONAL_CANDIDATE,Field 21 copies a reference from the causing payment; choose reference type from the originating message and retain provenance.,D,SR_2025_MT910|MX_camt_054_001_08,,REVIEW_REQUIRED_CBPR,Base-standard semantic candidate only; validate against the applicable CBPR+ Usage Guideline and SWIFT Translation Library before implementation.,Related Reference,M,,5
MT910,2,21,ANY,camt.054.001.08,Document/BkToCstmrDbtCdtNtfctn/Ntfctn/Ntry/NtryDtls/TxDtls/Refs/TxId,CONDITIONAL_CANDIDATE,Field 21 copies a reference from the causing payment; choose reference type from the originating message and retain provenance.,D,SR_2025_MT910|MX_camt_054_001_08,,REVIEW_REQUIRED_CBPR,Base-standard semantic candidate only; validate against the applicable CBPR+ Usage Guideline and SWIFT Translation Library before implementation.,Related Reference,M,,5
MT910,3,25a,ANY,camt.054.001.08,Document/BkToCstmrDbtCdtNtfctn/Ntfctn/Acct/Id/IBAN,CONDITIONAL_CANDIDATE,Parse no-letter/P account identification; choose IBAN only after validation.,B,SR_2025_MT910|MX_camt_054_001_08,,REVIEW_REQUIRED_CBPR,Base-standard semantic candidate only; validate against the applicable CBPR+ Usage Guideline and SWIFT Translation Library before implementation.,Account Identification,M,,6
MT910,3,25a,ANY,camt.054.001.08,Document/BkToCstmrDbtCdtNtfctn/Ntfctn/Acct/Id/Othr/Id,CONDITIONAL_CANDIDATE,Parse no-letter/P account identification; choose IBAN only after validation.,B,SR_2025_MT910|MX_camt_054_001_08,,REVIEW_REQUIRED_CBPR,Base-standard semantic candidate only; validate against the applicable CBPR+ Usage Guideline and SWIFT Translation Library before implementation.,Account Identification,M,,6
MT910,4,13D,ANY,camt.054.001.08,Document/BkToCstmrDbtCdtNtfctn/Ntfctn/Ntry/BookgDt/DtTm,TRANSFORM,Convert SWIFT date/time and UTC offset to ISO DateTime; local-time assumptions require policy.,B,SR_2025_MT910|MX_camt_054_001_08,,REVIEW_REQUIRED_CBPR,Base-standard semantic candidate only; validate against the applicable CBPR+ Usage Guideline and SWIFT Translation Library before implementation.,Date/Time Indication,O,,6
MT910,5,32A,ANY,camt.054.001.08,Document/BkToCstmrDbtCdtNtfctn/Ntfctn/Ntry/ValDt/Dt,TRANSFORM,Split value date/currency/amount; set credit/debit indicator to CRDT because MT910 confirms a credit.,B,SR_2025_MT910|MX_camt_054_001_08,,REVIEW_REQUIRED_CBPR,Base-standard semantic candidate only; validate against the applicable CBPR+ Usage Guideline and SWIFT Translation Library before implementation.,"Value Date, Currency Code, Amount",M,,7
MT910,5,32A,ANY,camt.054.001.08,Document/BkToCstmrDbtCdtNtfctn/Ntfctn/Ntry/Amt,TRANSFORM,Split value date/currency/amount; set credit/debit indicator to CRDT because MT910 confirms a credit.,B,SR_2025_MT910|MX_camt_054_001_08,,REVIEW_REQUIRED_CBPR,Base-standard semantic candidate only; validate against the applicable CBPR+ Usage Guideline and SWIFT Translation Library before implementation.,"Value Date, Currency Code, Amount",M,,7
MT910,5,32A,ANY,camt.054.001.08,Document/BkToCstmrDbtCdtNtfctn/Ntfctn/Ntry/Amt/@Ccy,TRANSFORM,Split value date/currency/amount; set credit/debit indicator to CRDT because MT910 confirms a credit.,B,SR_2025_MT910|MX_camt_054_001_08,,REVIEW_REQUIRED_CBPR,Base-standard semantic candidate only; validate against the applicable CBPR+ Usage Guideline and SWIFT Translation Library before implementation.,"Value Date, Currency Code, Amount",M,,7
MT910,5,32A,ANY,camt.054.001.08,Document/BkToCstmrDbtCdtNtfctn/Ntfctn/Ntry/CdtDbtInd,TRANSFORM,Split value date/currency/amount; set credit/debit indicator to CRDT because MT910 confirms a credit.,B,SR_2025_MT910|MX_camt_054_001_08,,REVIEW_REQUIRED_CBPR,Base-standard semantic candidate only; validate against the applicable CBPR+ Usage Guideline and SWIFT Translation Library before implementation.,"Value Date, Currency Code, Amount",M,,7
MT910,6,50a,ANY,camt.054.001.08,Document/BkToCstmrDbtCdtNtfctn/Ntfctn/Ntry/NtryDtls/TxDtls/RltdPties/Dbtr/Pty/Nm,CONDITIONAL_CANDIDATE,Parse ordering customer into related debtor party/account.,B,SR_2025_MT910|MX_camt_054_001_08,,REVIEW_REQUIRED_CBPR,Base-standard semantic candidate only; validate against the applicable CBPR+ Usage Guideline and SWIFT Translation Library before implementation.,Ordering Customer,O,,7
MT910,6,50a,ANY,camt.054.001.08,Document/BkToCstmrDbtCdtNtfctn/Ntfctn/Ntry/NtryDtls/TxDtls/RltdPties/Dbtr/Pty/PstlAdr/AdrLine,CONDITIONAL_CANDIDATE,Parse ordering customer into related debtor party/account.,B,SR_2025_MT910|MX_camt_054_001_08,,REVIEW_REQUIRED_CBPR,Base-standard semantic candidate only; validate against the applicable CBPR+ Usage Guideline and SWIFT Translation Library before implementation.,Ordering Customer,O,,7
MT910,6,50a,ANY,camt.054.001.08,Document/BkToCstmrDbtCdtNtfctn/Ntfctn/Ntry/NtryDtls/TxDtls/RltdPties/Dbtr/Pty/Id/OrgId/AnyBIC,CONDITIONAL_CANDIDATE,Parse ordering customer into related debtor party/account.,B,SR_2025_MT910|MX_camt_054_001_08,,REVIEW_REQUIRED_CBPR,Base-standard semantic candidate only; validate against the applicable CBPR+ Usage Guideline and SWIFT Translation Library before implementation.,Ordering Customer,O,,7
MT910,6,50a,ANY,camt.054.001.08,Document/BkToCstmrDbtCdtNtfctn/Ntfctn/Ntry/NtryDtls/TxDtls/RltdPties/DbtrAcct/Id/IBAN,CONDITIONAL_CANDIDATE,Parse ordering customer into related debtor party/account.,B,SR_2025_MT910|MX_camt_054_001_08,,REVIEW_REQUIRED_CBPR,Base-standard semantic candidate only; validate against the applicable CBPR+ Usage Guideline and SWIFT Translation Library before implementation.,Ordering Customer,O,,7
MT910,6,50a,ANY,camt.054.001.08,Document/BkToCstmrDbtCdtNtfctn/Ntfctn/Ntry/NtryDtls/TxDtls/RltdPties/DbtrAcct/Id/Othr/Id,CONDITIONAL_CANDIDATE,Parse ordering customer into related debtor party/account.,B,SR_2025_MT910|MX_camt_054_001_08,,REVIEW_REQUIRED_CBPR,Base-standard semantic candidate only; validate against the applicable CBPR+ Usage Guideline and SWIFT Translation Library before implementation.,Ordering Customer,O,,7
MT910,7,52a,ANY,camt.054.001.08,Document/BkToCstmrDbtCdtNtfctn/Ntfctn/Ntry/NtryDtls/TxDtls/RltdAgts/DbtrAgt/FinInstnId/BICFI,CONDITIONAL_CANDIDATE,Parse ordering institution as related debtor agent.,B,SR_2025_MT910|MX_camt_054_001_08,,REVIEW_REQUIRED_CBPR,Base-standard semantic candidate only; validate against the applicable CBPR+ Usage Guideline and SWIFT Translation Library before implementation.,Ordering Institution,O,,11
MT910,7,52a,ANY,camt.054.001.08,Document/BkToCstmrDbtCdtNtfctn/Ntfctn/Ntry/NtryDtls/TxDtls/RltdAgts/DbtrAgt/FinInstnId/ClrSysMmbId/MmbId,CONDITIONAL_CANDIDATE,Parse ordering institution as related debtor agent.,B,SR_2025_MT910|MX_camt_054_001_08,,REVIEW_REQUIRED_CBPR,Base-standard semantic candidate only; validate against the applicable CBPR+ Usage Guideline and SWIFT Translation Library before implementation.,Ordering Institution,O,,11
MT910,7,52a,ANY,camt.054.001.08,Document/BkToCstmrDbtCdtNtfctn/Ntfctn/Ntry/NtryDtls/TxDtls/RltdAgts/DbtrAgt/FinInstnId/Nm,CONDITIONAL_CANDIDATE,Parse ordering institution as related debtor agent.,B,SR_2025_MT910|MX_camt_054_001_08,,REVIEW_REQUIRED_CBPR,Base-standard semantic candidate only; validate against the applicable CBPR+ Usage Guideline and SWIFT Translation Library before implementation.,Ordering Institution,O,,11
MT910,7,52a,ANY,camt.054.001.08,Document/BkToCstmrDbtCdtNtfctn/Ntfctn/Ntry/NtryDtls/TxDtls/RltdAgts/DbtrAgt/FinInstnId/PstlAdr/AdrLine,CONDITIONAL_CANDIDATE,Parse ordering institution as related debtor agent.,B,SR_2025_MT910|MX_camt_054_001_08,,REVIEW_REQUIRED_CBPR,Base-standard semantic candidate only; validate against the applicable CBPR+ Usage Guideline and SWIFT Translation Library before implementation.,Ordering Institution,O,,11
MT910,8,56a,ANY,camt.054.001.08,Document/BkToCstmrDbtCdtNtfctn/Ntfctn/Ntry/NtryDtls/TxDtls/RltdAgts/IntrmyAgt1/FinInstnId/BICFI,CONDITIONAL_CANDIDATE,Parse intermediary as related intermediary agent.,B,SR_2025_MT910|MX_camt_054_001_08,,REVIEW_REQUIRED_CBPR,Base-standard semantic candidate only; validate against the applicable CBPR+ Usage Guideline and SWIFT Translation Library before implementation.,Intermediary,O,,13
MT910,8,56a,ANY,camt.054.001.08,Document/BkToCstmrDbtCdtNtfctn/Ntfctn/Ntry/NtryDtls/TxDtls/RltdAgts/IntrmyAgt1/FinInstnId/ClrSysMmbId/MmbId,CONDITIONAL_CANDIDATE,Parse intermediary as related intermediary agent.,B,SR_2025_MT910|MX_camt_054_001_08,,REVIEW_REQUIRED_CBPR,Base-standard semantic candidate only; validate against the applicable CBPR+ Usage Guideline and SWIFT Translation Library before implementation.,Intermediary,O,,13
MT910,8,56a,ANY,camt.054.001.08,Document/BkToCstmrDbtCdtNtfctn/Ntfctn/Ntry/NtryDtls/TxDtls/RltdAgts/IntrmyAgt1/FinInstnId/Nm,CONDITIONAL_CANDIDATE,Parse intermediary as related intermediary agent.,B,SR_2025_MT910|MX_camt_054_001_08,,REVIEW_REQUIRED_CBPR,Base-standard semantic candidate only; validate against the applicable CBPR+ Usage Guideline and SWIFT Translation Library before implementation.,Intermediary,O,,13
MT910,8,56a,ANY,camt.054.001.08,Document/BkToCstmrDbtCdtNtfctn/Ntfctn/Ntry/NtryDtls/TxDtls/RltdAgts/IntrmyAgt1/FinInstnId/PstlAdr/AdrLine,CONDITIONAL_CANDIDATE,Parse intermediary as related intermediary agent.,B,SR_2025_MT910|MX_camt_054_001_08,,REVIEW_REQUIRED_CBPR,Base-standard semantic candidate only; validate against the applicable CBPR+ Usage Guideline and SWIFT Translation Library before implementation.,Intermediary,O,,13
MT910,9,72,ANY,camt.054.001.08,Document/BkToCstmrDbtCdtNtfctn/Ntfctn/Ntry/NtryDtls/TxDtls/AddtlTxInf,CONDITIONAL_CANDIDATE,Retain permitted sender-to-receiver narrative as additional transaction information after code review.,C,SR_2025_MT910|MX_camt_054_001_08,,REVIEW_REQUIRED_CBPR,Base-standard semantic candidate only; validate against the applicable CBPR+ Usage Guideline and SWIFT Translation Library before implementation.,Sender to Receiver Information,O,,13
MT920,1,20,ANY,camt.060.001.05,Document/AcctRptgReq/RptgReq/Id,DIRECT_CANDIDATE,Copy request reference subject to MX length/character validation.,B,SR_2025_MT920|MX_camt_060_001_05,,REVIEW_REQUIRED_CBPR,Base-standard semantic candidate only; validate against the applicable CBPR+ Usage Guideline and SWIFT Translation Library before implementation.,Transaction Reference Number,M,,5
MT920,2,12,ANY,camt.060.001.05,Document/AcctRptgReq/RptgReq/ReqdMsgNmId,TRANSFORM,Translate 940/950 to camt.053 and 941/942 to the agreed camt.052 reporting profile; exact message version is bilateral/usage-rule data.,C,SR_2025_MT920|MX_camt_060_001_05,,REVIEW_REQUIRED_CBPR,Base-standard semantic candidate only; validate against the applicable CBPR+ Usage Guideline and SWIFT Translation Library before implementation.,Message Requested,M,,5
MT920,3,25,ANY,camt.060.001.05,Document/AcctRptgReq/RptgReq/Acct/Id/IBAN,CONDITIONAL_CANDIDATE,Choose IBAN only after validation; otherwise use Other/Id.,B,SR_2025_MT920|MX_camt_060_001_05,,REVIEW_REQUIRED_CBPR,Base-standard semantic candidate only; validate against the applicable CBPR+ Usage Guideline and SWIFT Translation Library before implementation.,Account Identification,M,,5
MT920,3,25,ANY,camt.060.001.05,Document/AcctRptgReq/RptgReq/Acct/Id/Othr/Id,CONDITIONAL_CANDIDATE,Choose IBAN only after validation; otherwise use Other/Id.,B,SR_2025_MT920|MX_camt_060_001_05,,REVIEW_REQUIRED_CBPR,Base-standard semantic candidate only; validate against the applicable CBPR+ Usage Guideline and SWIFT Translation Library before implementation.,Account Identification,M,,5
MT920,4,34F,ANY,camt.060.001.05,Document/AcctRptgReq/RptgReq/ReqdTxTp/FlrLmt/Amt,TRANSFORM,Split floor-limit currency/amount and set DBIT for the debit limit; enforce MT920 C1/C2/C3.,B,SR_2025_MT920|MX_camt_060_001_05,,REVIEW_REQUIRED_CBPR,Base-standard semantic candidate only; validate against the applicable CBPR+ Usage Guideline and SWIFT Translation Library before implementation.,Debit/(Debit and Credit) Floor Limit Indicator,O,,6
MT920,4,34F,ANY,camt.060.001.05,Document/AcctRptgReq/RptgReq/ReqdTxTp/FlrLmt/Amt/@Ccy,TRANSFORM,Split floor-limit currency/amount and set DBIT for the debit limit; enforce MT920 C1/C2/C3.,B,SR_2025_MT920|MX_camt_060_001_05,,REVIEW_REQUIRED_CBPR,Base-standard semantic candidate only; validate against the applicable CBPR+ Usage Guideline and SWIFT Translation Library before implementation.,Debit/(Debit and Credit) Floor Limit Indicator,O,,6
MT920,4,34F,ANY,camt.060.001.05,Document/AcctRptgReq/RptgReq/ReqdTxTp/FlrLmt/CdtDbtInd,TRANSFORM,Split floor-limit currency/amount and set DBIT for the debit limit; enforce MT920 C1/C2/C3.,B,SR_2025_MT920|MX_camt_060_001_05,,REVIEW_REQUIRED_CBPR,Base-standard semantic candidate only; validate against the applicable CBPR+ Usage Guideline and SWIFT Translation Library before implementation.,Debit/(Debit and Credit) Floor Limit Indicator,O,,6
MT920,5,34F,ANY,camt.060.001.05,Document/AcctRptgReq/RptgReq/ReqdTxTp/FlrLmt/Amt,TRANSFORM,Split floor-limit currency/amount and set CRDT for the credit limit; enforce MT920 C1/C2/C3.,B,SR_2025_MT920|MX_camt_060_001_05,,REVIEW_REQUIRED_CBPR,Base-standard semantic candidate only; validate against the applicable CBPR+ Usage Guideline and SWIFT Translation Library before implementation.,Credit Floor Limit Indicator,O,,6
MT920,5,34F,ANY,camt.060.001.05,Document/AcctRptgReq/RptgReq/ReqdTxTp/FlrLmt/Amt/@Ccy,TRANSFORM,Split floor-limit currency/amount and set CRDT for the credit limit; enforce MT920 C1/C2/C3.,B,SR_2025_MT920|MX_camt_060_001_05,,REVIEW_REQUIRED_CBPR,Base-standard semantic candidate only; validate against the applicable CBPR+ Usage Guideline and SWIFT Translation Library before implementation.,Credit Floor Limit Indicator,O,,6
MT920,5,34F,ANY,camt.060.001.05,Document/AcctRptgReq/RptgReq/ReqdTxTp/FlrLmt/CdtDbtInd,TRANSFORM,Split floor-limit currency/amount and set CRDT for the credit limit; enforce MT920 C1/C2/C3.,B,SR_2025_MT920|MX_camt_060_001_05,,REVIEW_REQUIRED_CBPR,Base-standard semantic candidate only; validate against the applicable CBPR+ Usage Guideline and SWIFT Translation Library before implementation.,Credit Floor Limit Indicator,O,,6
